page_id,document_id,source_file_id,dataset,dataset_component,document_type,original_dataset_split,project_split,split_group_id,exact_duplicate_group,near_duplicate_group,template_family,private_status,prepared_image_path,selection_status,exclusion_reason
coru_page_0d7865fa5727e4,coru_doc_adef5fbdeeff70,coru_9227d91e7ca7,coru,Receipt Images & Key Information Detection,receipt,train,train,splitgrp_791da0766387d6,,,,public,data/raw/public/coru/Receipt Images & Key Information Detection/train/images/20c194b3-68ec-458a-b0dc-f19714998993.jpg,selected,
coru_page_0f0567b833b1d5,coru_doc_9588a6d2381fa9,coru_ac8b79a34378,coru,Receipt Images & Key Information Detection,receipt,train,train,splitgrp_9914a91a9b478c,,,,public,data/raw/public/coru/Receipt Images & Key Information Detection/train/images/0380c63f-f6e2-44b3-b9a5-1704e439c03b.jpg,selected,
coru_page_1350c318a849c4,coru_doc_2e5abbd953fd5c,coru_9ab99758fc73,coru,Receipt Question Answering,receipt,test,train,splitgrp_6708157ed698a1,,,,public,data/raw/public/coru/Receipt Question Answering/test/38a3d9b6-0210-4816-9403-4dd37c575431.jpg,selected,
coru_page_15e6928fb74a06,coru_doc_d1904171b7736e,coru_d9c4f21f0d8c,coru,Receipt Images & Key Information Detection,receipt,train,train,splitgrp_a62db9cc411efa,,,,public,data/raw/public/coru/Receipt Images & Key Information Detection/train/images/15dd7d2d-d939-4cbc-afe5-75fa01216916.jpg,selected,
coru_page_1ad829b62fe51d,coru_doc_3f1dc5813f0360,coru_cfeb3f484ad1,coru,Receipt Images & Key Information Detection,receipt,train,train,splitgrp_117b51e8cefb30,,,,public,data/raw/public/coru/Receipt Images & Key Information Detection/train/images/8c378897-ff6e-4d1e-929d-a35aa56ffe12.jpg,selected,
coru_page_25af8a2789b99e,coru_doc_e49fac39115e00,coru_f14827af22ec,coru,Receipt Question Answering,receipt,test,train,splitgrp_72d06bd0337dca,,,,public,data/raw/public/coru/Receipt Question Answering/test/a59c117e-65ca-4503-95a7-ce9b1e5365b6.jpg,selected,
coru_page_28e456c34fc013,coru_doc_3ed3866fbfc8ec,coru_af83f9f2a84f,coru,Receipt Question Answering,receipt,test,train,splitgrp_2d3b38691f3f35,,,,public,data/raw/public/coru/Receipt Question Answering/test/a0e3796c-8463-48e6-af38-2b48b6389ba4.jpg,selected,
coru_page_2c61673ab775aa,coru_doc_114e8454c330c7,coru_5c12e589939c,coru,Receipt Question Answering,receipt,test,train,splitgrp_b647de007cfcd3,,,,public,data/raw/public/coru/Receipt Question Answering/test/2ed74c12-58ec-4223-8db5-eba17d0a7ead.jpg,selected,
coru_page_311302825a0aca,coru_doc_cbf6426ff666f8,coru_0d59191459f2,coru,Receipt Images & Key Information Detection,receipt,train,train,splitgrp_a794007c17cce6,,,,public,data/raw/public/coru/Receipt Images & Key Information Detection/train/images/15c0c556-57c4-46e7-99bd-497f19ec8ea3.jpg,selected,
coru_page_3130b33a359986,coru_doc_5e3ddefcd655dc,coru_128d34459dcd,coru,Receipt Question Answering,receipt,test,train,splitgrp_421e2c2a1bada4,,,,public,data/raw/public/coru/Receipt Question Answering/test/901ce149-fc54-4cd2-b718-40f039e35e1b.jpg,selected,
coru_page_335c9f48efa285,coru_doc_2dc55f17043a9d,coru_450111e718f6,coru,Receipt Question Answering,receipt,test,train,splitgrp_b12e15748b43ce,,,,public,data/raw/public/coru/Receipt Question Answering/test/76bbc163-0fdc-4656-a65e-79bb47951105.jpg,selected,
coru_page_347a5eff7a5517,coru_doc_efcc5a1e1b088f,coru_2a28c6ac4f11,coru,Receipt Images & Key Information Detection,receipt,train,train,splitgrp_78de744366deeb,,,,public,data/raw/public/coru/Receipt Images & Key Information Detection/train/images/127cd24d-06c5-4fbd-850e-9e0f4ca5e967.jpg,selected,
coru_page_3c7436aff5d9b3,coru_doc_e4faa43746965e,coru_f3316f0906c4,coru,Receipt Images & Key Information Detection,receipt,train,train,splitgrp_2a7a7f59ecb731,,,,public,data/raw/public/coru/Receipt Images & Key Information Detection/train/images/35aa6ab0-27cb-48e8-b4e9-0b52a14da19e.jpg,selected,
coru_page_45053a7181b5b9,coru_doc_2826b6b8673cbc,coru_9e0f54e2693e,coru,Receipt Question Answering,receipt,test,train,splitgrp_7959552388a631,,,,public,data/raw/public/coru/Receipt Question Answering/test/1b2f8bda-7c2b-4113-8cb6-88cf18d403aa.jpg,selected,
coru_page_456cd81056f142,coru_doc_afe92330f8b054,coru_f161b04d2daa,coru,Receipt Question Answering,receipt,test,train,splitgrp_920592a2bebefd,,,,public,data/raw/public/coru/Receipt Question Answering/test/3afc1909-a50b-4dc9-8cd6-ed49af460d69.jpg,selected,
coru_page_46a3f128f60e31,coru_doc_7a19b79179cd92,coru_db40eb8cced7,coru,Receipt Images & Key Information Detection,receipt,test,train,splitgrp_3551165c5c48cc,,,,public,data/raw/public/coru/Receipt Images & Key Information Detection/test/images/339f5b7d-32fd-4b7c-ad5d-24ab0e3bf910.jpg,selected,
coru_page_485dabcf98fdf3,coru_doc_de8e7c2eb1cac9,coru_5c7a26bf91e7,coru,Receipt Question Answering,receipt,test,train,splitgrp_5aecddb5abf81a,,,,public,data/raw/public/coru/Receipt Question Answering/test/34169544-a691-4e4a-9b90-0ddf7fd732ad.jpg,selected,
coru_page_48a395db139a32,coru_doc_8994ac621fdaf6,coru_5091fc358c00,coru,Receipt Question Answering,receipt,test,train,splitgrp_4bd8e089f32a79,,,,public,data/raw/public/coru/Receipt Question Answering/test/a8c9fa9b-8a79-4c11-b56a-a39302b565af.jpg,selected,
coru_page_494a628e977572,coru_doc_f5eb9607388536,coru_af2ac0d63f8f,coru,Receipt Question Answering,receipt,test,train,splitgrp_77b8020e9832ba,,,,public,data/raw/public/coru/Receipt Question Answering/test/8a9c6cef-5668-4672-b446-08ee9f681705.jpg,selected,
coru_page_4d43840e0e8262,coru_doc_43ca1e65b0cec8,coru_9fca78e316bd,coru,Receipt Question Answering,receipt,test,train,splitgrp_9244e269260a9b,,,,public,data/raw/public/coru/Receipt Question Answering/test/333ef114-5c7d-4d12-8fcc-e3b21e951ce8.jpg,selected,
coru_page_512680aac58766,coru_doc_c8f8a53dddca45,coru_f7804cff931b,coru,Receipt Images & Key Information Detection,receipt,train,train,splitgrp_9a80f2a99f4436,,,,public,data/raw/public/coru/Receipt Images & Key Information Detection/train/images/045db13e-c56b-4251-ade5-89a2a4922598.jpg,selected,
coru_page_51d77a4760fc37,coru_doc_154f4f1e6eac01,coru_998b7bff9089,coru,Receipt Question Answering,receipt,test,train,splitgrp_e4da0ccdf04abe,,,,public,data/raw/public/coru/Receipt Question Answering/test/9e70da5f-a50c-4841-9b23-a73c23638daf.jpg,selected,
coru_page_536c273b6834eb,coru_doc_2f1ca9249f56b0,coru_a93d7156f499,coru,Receipt Question Answering,receipt,test,train,splitgrp_ae730fae6b26e2,,,,public,data/raw/public/coru/Receipt Question Answering/test/0a8f9e19-5d90-487e-b289-397aee637a0d.jpg,selected,
coru_page_57008bab5ab18b,coru_doc_a70c9f90691b2e,coru_b6ad9cfbdb4b,coru,Receipt Question Answering,receipt,test,train,splitgrp_4fe0f4de1a0493,,,,public,data/raw/public/coru/Receipt Question Answering/test/86086ac2-95d5-4bbf-a4a2-e7bd4fa2ff7e.jpg,selected,
coru_page_57f5d54f125b8c,coru_doc_3b7792cce09075,coru_195505ef61c9,coru,Receipt Images & Key Information Detection,receipt,train,train,splitgrp_619b09566755af,,,,public,data/raw/public/coru/Receipt Images & Key Information Detection/train/images/15c63df3-6129-42a2-9915-9b31b363189e.jpg,selected,
coru_page_5ee279b2dedb7f,coru_doc_77c94d4aee6dd6,coru_aa5a3e696a4e,coru,Receipt Question Answering,receipt,test,train,splitgrp_f12fc85b27365d,,,,public,data/raw/public/coru/Receipt Question Answering/test/024a07e4-c567-467c-87ec-f8590042a9a0.jpg,selected,
coru_page_67cd4c74f92693,coru_doc_ce562fcc3963e9,coru_5013a223f892,coru,Receipt Images & Key Information Detection,receipt,train,train,splitgrp_647720d66ca583,,,,public,data/raw/public/coru/Receipt Images & Key Information Detection/train/images/26e86c5c-6d94-4c22-ac8b-b7d3fe3c7201.jpg,selected,
coru_page_6a3dddf1376c58,coru_doc_f1c3c76f7cfc33,coru_bb499cda6680,coru,Receipt Images & Key Information Detection,receipt,train,train,splitgrp_2debd76f143aa1,,,,public,data/raw/public/coru/Receipt Images & Key Information Detection/train/images/250e4826-e210-437c-9621-9c4f8b415da7.jpg,selected,
coru_page_6b432346a4a921,coru_doc_3b0a49b8d0bed3,coru_3421e5acee30,coru,Receipt Images & Key Information Detection,receipt,train,train,splitgrp_d6f526de16560f,,,,public,data/raw/public/coru/Receipt Images & Key Information Detection/train/images/2c244362-4090-4597-aaa3-c7d3d91339fb.jpg,selected,
coru_page_6bcfbe4f1d5935,coru_doc_c05c3b8cadbc1c,coru_e7233729cdd3,coru,Receipt Question Answering,receipt,test,train,splitgrp_dbe287597d3a81,,,,public,data/raw/public/coru/Receipt Question Answering/test/e0a808ad-a200-46ce-ad26-7b61eff0a910.jpg,selected,
coru_page_6ca9e1fed9790c,coru_doc_c5ecee6514d51b,coru_b27d762fd43a,coru,Receipt Question Answering,receipt,test,train,splitgrp_191124e8b87089,,,,public,data/raw/public/coru/Receipt Question Answering/test/dedd7581-1d71-4757-b6c8-79fbd073adbe.jpg,selected,
coru_page_774fc761052a3c,coru_doc_27a7b49901de8a,coru_248960737456,coru,Receipt Images & Key Information Detection,receipt,train,train,splitgrp_8a6a4649554884,,,,public,data/raw/public/coru/Receipt Images & Key Information Detection/train/images/3cc163bf-4a50-4e4b-ae42-f2b91312076f.jpg,selected,
coru_page_78031b042a1d00,coru_doc_8a5064d4d4a5db,coru_06d89668efec,coru,Receipt Images & Key Information Detection,receipt,train,train,splitgrp_4d7465e4d61778,,,,public,data/raw/public/coru/Receipt Images & Key Information Detection/train/images/7e61186c-04d4-4776-ba94-8bd74e6353cd.jpg,selected,
coru_page_780c3866192147,coru_doc_e1604fe98ee1ce,coru_9ed959054e9c,coru,Receipt Question Answering,receipt,test,train,splitgrp_03c005916ffff9,,,,public,data/raw/public/coru/Receipt Question Answering/test/1056-receipt.jpg,selected,
coru_page_783c746bde5bf6,coru_doc_f25442bb0323c2,coru_649d9eed3a57,coru,Receipt Images & Key Information Detection,receipt,train,train,splitgrp_2c508cdaaa4d01,,,,public,data/raw/public/coru/Receipt Images & Key Information Detection/train/images/2c4a3be3-f4e3-4887-b254-d2a9ba79f9e5.jpg,selected,
coru_page_7998bbde0493c2,coru_doc_87b743336eb76c,coru_7c55737218c1,coru,Receipt Images & Key Information Detection,receipt,validation,train,splitgrp_4d7e3e453a1a2b,,,,public,data/raw/public/coru/Receipt Images & Key Information Detection/val/images/0e82c06a-de9c-4169-92d7-aee17063bd80.jpg,selected,
coru_page_7bd161ed7714cb,coru_doc_a1fa2ef74d019e,coru_436d3b5be62a,coru,Receipt Images & Key Information Detection,receipt,train,train,splitgrp_1bc6446b9393b8,,,,public,data/raw/public/coru/Receipt Images & Key Information Detection/train/images/270fea23-557b-4235-880b-4498dfc98d30.jpg,selected,
coru_page_7c180300e99db4,coru_doc_102946c22b63f0,coru_5f925c5919cc,coru,Receipt Images & Key Information Detection,receipt,test,train,splitgrp_295e1115220060,,,,public,data/raw/public/coru/Receipt Images & Key Information Detection/test/images/cd75101c-5dd0-484d-bb24-81fa923cf4ac.jpg,selected,
coru_page_85236a13bef352,coru_doc_2438855b186e51,coru_534029117568,coru,Receipt Question Answering,receipt,test,train,splitgrp_3382e62422392f,,,,public,data/raw/public/coru/Receipt Question Answering/test/f6926485-f75c-4603-a5bc-991e72231c1d.jpg,selected,
coru_page_852b8fd5eea31a,coru_doc_2f8681e4c04220,coru_1085302f3d67,coru,Receipt Question Answering,receipt,test,train,splitgrp_5dafda7723ea15,,,,public,data/raw/public/coru/Receipt Question Answering/test/127c24df-5069-4ac2-b324-05ed282a5fd8.jpg,selected,
coru_page_8e19d7c907706f,coru_doc_5ef5cfa904a626,coru_db8eac43f5bc,coru,Receipt Images & Key Information Detection,receipt,train,train,splitgrp_2fede607f5bf38,,,,public,data/raw/public/coru/Receipt Images & Key Information Detection/train/images/1403895d-08b2-4793-ab52-d7f0cc6e106c.jpg,selected,
coru_page_8fa0599708a903,coru_doc_7ef42b7cb5b518,coru_67b6494190a9,coru,Receipt Images & Key Information Detection,receipt,validation,train,splitgrp_fcc1bc07b48fb9,,,,public,data/raw/public/coru/Receipt Images & Key Information Detection/val/images/0b4891f1-eac1-4d19-be00-e899692a6395.jpg,selected,
coru_page_91621b5f2fc88f,coru_doc_3709756e100f49,coru_b46b0b167a63,coru,Receipt Question Answering,receipt,test,train,splitgrp_e33515ef9c75d1,,,,public,data/raw/public/coru/Receipt Question Answering/test/8f2c3439-758a-4c7b-ba23-ae06c85fb16b.jpg,selected,
coru_page_941e1b4d0da669,coru_doc_71c11c09ee0f5c,coru_ee6160b1a7c5,coru,Receipt Question Answering,receipt,test,train,splitgrp_81b0a26208837e,,,,public,data/raw/public/coru/Receipt Question Answering/test/1121-receipt.jpg,selected,
coru_page_95ceea950aeca4,coru_doc_ab933ee31e9f8d,coru_10f28966dabc,coru,Receipt Question Answering,receipt,test,train,splitgrp_800083e89e5326,,,,public,data/raw/public/coru/Receipt Question Answering/test/5d9ebdbf-b88e-4b69-bd78-85a7025b92b3.jpg,selected,
coru_page_95fb17d9dd5848,coru_doc_3e0fecc8fdae5d,coru_eb72e8381f22,coru,Receipt Question Answering,receipt,test,train,splitgrp_b02f6f3c216463,,,,public,data/raw/public/coru/Receipt Question Answering/test/c918a2dc-f589-4d2f-a69e-8718e57eb920.jpg,selected,
coru_page_98b86525d3c27c,coru_doc_ccb0cd9019a2b9,coru_853d7b9c9e82,coru,Receipt Question Answering,receipt,test,train,splitgrp_265391f16ae8f9,,,,public,data/raw/public/coru/Receipt Question Answering/test/23e0d506-d65f-4d0a-b284-965f80cd8203.jpg,selected,
coru_page_99f4f6f719eeda,coru_doc_3b1425451016eb,coru_185be06a9c42,coru,Receipt Question Answering,receipt,test,train,splitgrp_1196c51a2e3182,,,,public,data/raw/public/coru/Receipt Question Answering/test/c561cba6-fa79-44f9-a4b7-51c43f4adaff.jpg,selected,
coru_page_9b55c844b3e5a5,coru_doc_d58a3f16b45433,coru_f59476469763,coru,Receipt Images & Key Information Detection,receipt,train,train,splitgrp_430dd5a5cfbb48,,,,public,data/raw/public/coru/Receipt Images & Key Information Detection/train/images/9fc32393-05bf-44c2-9a70-ad2011432af0.jpg,selected,
coru_page_9b5c5ad0cb0ec5,coru_doc_d1307de4587d29,coru_3a0ea68e46cb,coru,Receipt Question Answering,receipt,test,train,splitgrp_ee612049bcc7dc,,,,public,data/raw/public/coru/Receipt Question Answering/test/ed7a0a9a-dbfe-4a6a-8023-6153a21e4a07.jpg,selected,
coru_page_9c24877ada92ef,coru_doc_a5db538d8aeb14,coru_f09b785b9eb9,coru,Receipt Question Answering,receipt,test,train,splitgrp_88b1f04533fe10,,,,public,data/raw/public/coru/Receipt Question Answering/test/447ffcdf-dcb3-401c-8558-ed334b6c4c3d.jpg,selected,
coru_page_9d9af22ea52c27,coru_doc_ae60ff4b578b46,coru_16a331f999f4,coru,Receipt Question Answering,receipt,test,train,splitgrp_dc1ed8041cb985,,,,public,data/raw/public/coru/Receipt Question Answering/test/9246a79d-ac2c-4de8-98f7-094dd904e941.jpg,selected,
coru_page_9dca9c1b28a599,coru_doc_d73b1e6062f706,coru_fe960007eb5b,coru,Receipt Images & Key Information Detection,receipt,train,train,splitgrp_afa7e09d9f1e1a,,,,public,data/raw/public/coru/Receipt Images & Key Information Detection/train/images/44c99cb3-2e1e-45c0-a684-e67ed885c234.jpg,selected,
coru_page_9f9dfab4bf61f8,coru_doc_3bc0b40f83bb8e,coru_dea5c1fbcc33,coru,Receipt Images & Key Information Detection,receipt,train,train,splitgrp_61ab9f35bf5967,,,,public,data/raw/public/coru/Receipt Images & Key Information Detection/train/images/955904c4-d30a-4843-b63a-e6f250db22e8.jpg,selected,
coru_page_a1667e8973ecf2,coru_doc_a9ad434a4d6fea,coru_ad912a74c764,coru,Receipt Question Answering,receipt,test,train,splitgrp_187c67f31d08b6,,,,public,data/raw/public/coru/Receipt Question Answering/test/56f74ff3-3776-4f83-919e-10575292f8b5.jpg,selected,
coru_page_ab3166fb0fa472,coru_doc_3f48a583171d3d,coru_40983ade3901,coru,Receipt Question Answering,receipt,test,train,splitgrp_eea6fb1874dd65,,,,public,data/raw/public/coru/Receipt Question Answering/test/38d8f2f5-21d2-40c3-83d2-1eaa5306617d.jpg,selected,
coru_page_b055d1a7b64ead,coru_doc_604f96921af751,coru_500c08f83fdb,coru,Receipt Question Answering,receipt,test,train,splitgrp_adaac1c7ed6844,,,,public,data/raw/public/coru/Receipt Question Answering/test/f4f71135-6951-47dd-8aa3-ad87e8d5e6fc.jpg,selected,
coru_page_b0c5912c0383ed,coru_doc_7fa3c9105f2637,coru_b0ed263fd768,coru,Receipt Images & Key Information Detection,receipt,validation,train,splitgrp_6cf5371010d4fc,,,,public,data/raw/public/coru/Receipt Images & Key Information Detection/val/images/0dc4d52e-1a3b-431b-b3a1-4341de7cf6fd.jpg,selected,
coru_page_b246eff768aaae,coru_doc_20fbd5f39242c9,coru_64eb3933f79e,coru,Receipt Question Answering,receipt,test,train,splitgrp_776b95352ac425,,,,public,data/raw/public/coru/Receipt Question Answering/test/17e9470c-3491-4696-8aed-7ed4adeae987.jpg,selected,
coru_page_bc6f34cdf2a5f1,coru_doc_6dc7cf5bd6038b,coru_33c557cceb71,coru,Receipt Images & Key Information Detection,receipt,train,train,splitgrp_32d7b717622438,,,,public,data/raw/public/coru/Receipt Images & Key Information Detection/train/images/26d8eae3-bf9a-4f14-a568-336ed8674756.jpg,selected,
coru_page_bc9e5fd1396d59,coru_doc_4862a97b03d383,coru_4a149e01c433,coru,Receipt Question Answering,receipt,test,train,splitgrp_f82b1a09878f4d,,,,public,data/raw/public/coru/Receipt Question Answering/test/e2d17edf-f285-4ca4-b376-94dd88e4eff6.jpg,selected,
coru_page_c8a35d85f2adfd,coru_doc_332d2ef9dc1874,coru_f13b4257eb6c,coru,Receipt Images & Key Information Detection,receipt,train,train,splitgrp_62e61a835db21f,,,,public,data/raw/public/coru/Receipt Images & Key Information Detection/train/images/7449d75a-1129-4ff3-85e9-70538def2d14.jpg,selected,
coru_page_ccbaa4aac95830,coru_doc_608b1506ebde3b,coru_dc01f2558427,coru,Receipt Images & Key Information Detection,receipt,train,train,splitgrp_d4bead4542c6e7,,,,public,data/raw/public/coru/Receipt Images & Key Information Detection/train/images/112a19fe-dc6b-4620-b4d7-a7a29d548e74.jpg,selected,
coru_page_ce97d07f93cfe6,coru_doc_37019c3a199ca0,coru_f598be14ffa7,coru,Receipt Images & Key Information Detection,receipt,test,train,splitgrp_aaaf1bfa9e1345,,,,public,data/raw/public/coru/Receipt Images & Key Information Detection/test/images/0e3ae76d-95b1-40af-8a3c-2df67a833256.jpg,selected,
coru_page_d6b75fecc88e93,coru_doc_48ce6bf69031fd,coru_7e27f9cdf113,coru,Receipt Question Answering,receipt,test,train,splitgrp_0ad16345deed8d,,,,public,data/raw/public/coru/Receipt Question Answering/test/9da3dfa7-c46b-4cc7-9826-5fb8b86c4c71.jpg,selected,
coru_page_ed90068f217b15,coru_doc_49e46de7cf63f6,coru_ef308ef595a4,coru,Receipt Question Answering,receipt,test,train,splitgrp_0c7e6d66335e02,,,,public,data/raw/public/coru/Receipt Question Answering/test/446d9118-7183-498c-9eeb-c67ebb378d22.jpg,selected,
coru_page_f32b815568925a,coru_doc_52685e6066424b,coru_a831ac1820a7,coru,Receipt Question Answering,receipt,test,train,splitgrp_51cb82999331de,,,,public,data/raw/public/coru/Receipt Question Answering/test/b4d2cb52-2e41-4fae-90aa-2936fc977ffc.jpg,selected,
coru_page_f8a0f37b9ac60f,coru_doc_1609f7d144dad0,coru_93e2026a1a4e,coru,Receipt Images & Key Information Detection,receipt,validation,train,splitgrp_54730e3594f667,,,,public,data/raw/public/coru/Receipt Images & Key Information Detection/val/images/1a783e68-78f7-49c0-ab2e-7e6ac37e6b21.jpg,selected,
coru_page_f9a074913ba8c5,coru_doc_45102bd96c4de4,coru_5511227bf4c3,coru,Receipt Images & Key Information Detection,receipt,train,train,splitgrp_dff004779bc44e,,,,public,data/raw/public/coru/Receipt Images & Key Information Detection/train/images/1771da22-4f4d-48e7-abd2-ea23fa441e24.jpg,selected,
coru_page_fadfc20648feb2,coru_doc_b8d786d860d5a6,coru_29d4a2cd9814,coru,Receipt Question Answering,receipt,test,train,splitgrp_850522931c0f50,,,,public,data/raw/public/coru/Receipt Question Answering/test/dba4cfef-4af6-4e0b-841c-f7767dfea166.jpg,selected,
fatura_page_0008bee2e51aba,fatura_doc_6d82f0263b281d,fatura_e7735fea0ad6,fatura,invoices_dataset_final,invoice,unspecified,train,splitgrp_1fb1fc189f073a,,l00040,template15,public,data/raw/public/fatura/invoices_dataset_final/images/Template15_Instance26.jpg,selected,
fatura_page_063cc90b7de951,fatura_doc_4406022e7ebd08,fatura_8cbbb79e1e86,fatura,invoices_dataset_final,invoice,unspecified,train,splitgrp_0aaffa8f5d5082,,,template35,public,data/raw/public/fatura/invoices_dataset_final/images/Template35_Instance114.jpg,selected,
fatura_page_0d4b515fcb02c4,fatura_doc_937f32d3f72136,fatura_c37ccc64ed44,fatura,invoices_dataset_final,invoice,unspecified,train,splitgrp_33d80c517554b3,,,template26,public,data/raw/public/fatura/invoices_dataset_final/images/Template26_Instance44.jpg,selected,
fatura_page_16f0f157dfad5b,fatura_doc_2c524d5a1f2e2c,fatura_4f4e09ff67b7,fatura,invoices_dataset_final,invoice,unspecified,train,splitgrp_9ee8600e33f19e,,,template9,public,data/raw/public/fatura/invoices_dataset_final/images/Template9_Instance141.jpg,selected,
fatura_page_212a5fce87257d,fatura_doc_bc55ae0aee117b,fatura_f70aa7274f67,fatura,invoices_dataset_final,invoice,unspecified,train,splitgrp_5859e6c758cd43,,,template24,public,data/raw/public/fatura/invoices_dataset_final/images/Template24_Instance102.jpg,selected,
fatura_page_294238385ca28c,fatura_doc_ff191a91cdeb2e,fatura_447c0fd09c98,fatura,invoices_dataset_final,invoice,unspecified,train,splitgrp_53b45b90450312,,,template1,public,data/raw/public/fatura/invoices_dataset_final/images/Template1_Instance36.jpg,selected,
fatura_page_36c079b22662ee,fatura_doc_b3feaa8256892f,fatura_ef6a7186e5f7,fatura,invoices_dataset_final,invoice,unspecified,train,splitgrp_53d79df5b29dc8,,,template29,public,data/raw/public/fatura/invoices_dataset_final/images/Template29_Instance156.jpg,selected,
fatura_page_38f054a04823e9,fatura_doc_3ee23a4efaafa4,fatura_8cea4b00d0cd,fatura,invoices_dataset_final,invoice,unspecified,train,splitgrp_b9b37f074f54bc,,,template21,public,data/raw/public/fatura/invoices_dataset_final/images/Template21_Instance183.jpg,selected,
fatura_page_3b133fb620a571,fatura_doc_41a3118d098912,fatura_b343e7d35774,fatura,invoices_dataset_final,invoice,unspecified,train,splitgrp_bc744745bf0387,,,template2,public,data/raw/public/fatura/invoices_dataset_final/images/Template2_Instance97.jpg,selected,
fatura_page_3f61275ab58796,fatura_doc_f1445e97608114,fatura_7c11425fd9b9,fatura,invoices_dataset_final,invoice,unspecified,train,splitgrp_8b2bc3a3f7a25b,,,template23,public,data/raw/public/fatura/invoices_dataset_final/images/Template23_Instance181.jpg,selected,
fatura_page_41ab8c6bd0f779,fatura_doc_cdf356f0bdf021,fatura_fff1afb1a9c2,fatura,invoices_dataset_final,invoice,unspecified,train,splitgrp_5afe676d5d700f,,,template44,public,data/raw/public/fatura/invoices_dataset_final/images/Template44_Instance177.jpg,selected,
fatura_page_44be090159fd49,fatura_doc_d1a20efb966f42,fatura_eaa5c25adc49,fatura,invoices_dataset_final,invoice,unspecified,train,splitgrp_ec6139dc132532,,,template7,public,data/raw/public/fatura/invoices_dataset_final/images/Template7_Instance15.jpg,selected,
fatura_page_467ef4670957da,fatura_doc_3892731edcac12,fatura_3011f5df0694,fatura,invoices_dataset_final,invoice,unspecified,train,splitgrp_f48b22ac4e56c6,,l00041,template16,public,data/raw/public/fatura/invoices_dataset_final/images/Template16_Instance48.jpg,selected,
fatura_page_46d5e9e1f53b02,fatura_doc_df5cd02ca7d03a,fatura_f541966358a9,fatura,invoices_dataset_final,invoice,unspecified,train,splitgrp_58a38e912b9720,,,template6,public,data/raw/public/fatura/invoices_dataset_final/images/Template6_Instance92.jpg,selected,
fatura_page_46e60f0a91e82f,fatura_doc_2c9c204e5afddf,fatura_b5682a50136a,fatura,invoices_dataset_final,invoice,unspecified,train,splitgrp_b9b37f074f54bc,,,template21,public,data/raw/public/fatura/invoices_dataset_final/images/Template21_Instance103.jpg,selected,
fatura_page_4e3f39aeb20693,fatura_doc_b0350d643a1ea8,fatura_eae212f039c3,fatura,invoices_dataset_final,invoice,unspecified,train,splitgrp_6556ae811de33b,,,template31,public,data/raw/public/fatura/invoices_dataset_final/images/Template31_Instance140.jpg,selected,
fatura_page_506c05f0ae7de9,fatura_doc_f63312e84e61d9,fatura_b26d27a50fbc,fatura,invoices_dataset_final,invoice,unspecified,train,splitgrp_53105527b2b13c,,,template8,public,data/raw/public/fatura/invoices_dataset_final/images/Template8_Instance199.jpg,selected,
fatura_page_51cd61418c895c,fatura_doc_3cb1ee562b99c4,fatura_bf9c47c05c11,fatura,invoices_dataset_final,invoice,unspecified,train,splitgrp_6556ae811de33b,,,template31,public,data/raw/public/fatura/invoices_dataset_final/images/Template31_Instance143.jpg,selected,
fatura_page_527930d62716b8,fatura_doc_28eaa21863f227,fatura_320d0584df08,fatura,invoices_dataset_final,invoice,unspecified,train,splitgrp_9ee8600e33f19e,,,template9,public,data/raw/public/fatura/invoices_dataset_final/images/Template9_Instance107.jpg,selected,
fatura_page_529fb75fa201e5,fatura_doc_8f2235b16f89ad,fatura_0243fc54f18a,fatura,invoices_dataset_final,invoice,unspecified,train,splitgrp_2babd2ae51cd6c,,l00035,template10,public,data/raw/public/fatura/invoices_dataset_final/images/Template10_Instance148.jpg,selected,
fatura_page_57df275b1501ff,fatura_doc_9a59cf94db75ba,fatura_ce5e749467c2,fatura,invoices_dataset_final,invoice,unspecified,train,splitgrp_c9ab41e77d241a,,,template48,public,data/raw/public/fatura/invoices_dataset_final/images/Template48_Instance25.jpg,selected,
fatura_page_593a9ba7be51f4,fatura_doc_df1442bf231e96,fatura_a4b826215c37,fatura,invoices_dataset_final,invoice,unspecified,train,splitgrp_2c99bc8826668b,,,template46,public,data/raw/public/fatura/invoices_dataset_final/images/Template46_Instance175.jpg,selected,
fatura_page_60aae7c46cdd51,fatura_doc_7dbad23923538b,fatura_a24ebc3eab8c,fatura,invoices_dataset_final,invoice,unspecified,train,splitgrp_8fdc8b15277db1,,,template41,public,data/raw/public/fatura/invoices_dataset_final/images/Template41_Instance113.jpg,selected,
fatura_page_6376c3c096021e,fatura_doc_85ec7a6ecddbbe,fatura_b91f4f7fb8ab,fatura,invoices_dataset_final,invoice,unspecified,train,splitgrp_1fb1fc189f073a,,l00040,template15,public,data/raw/public/fatura/invoices_dataset_final/images/Template15_Instance58.jpg,selected,
fatura_page_6e83f998dc269b,fatura_doc_06ba99b32c3811,fatura_e1d40dc35d51,fatura,invoices_dataset_final,invoice,unspecified,train,splitgrp_2babd2ae51cd6c,,l00035,template10,public,data/raw/public/fatura/invoices_dataset_final/images/Template10_Instance181.jpg,selected,
fatura_page_6f54d2b4875ee5,fatura_doc_1ea5860db41c33,fatura_f8ed123ce822,fatura,invoices_dataset_final,invoice,unspecified,train,splitgrp_84f47fdb576f05,,l00037,template12,public,data/raw/public/fatura/invoices_dataset_final/images/Template12_Instance12.jpg,selected,
fatura_page_7117ab6baab74d,fatura_doc_75fea8e53a763e,fatura_36ea736baab5,fatura,invoices_dataset_final,invoice,unspecified,train,splitgrp_00fd28a77f09ef,,,template25,public,data/raw/public/fatura/invoices_dataset_final/images/Template25_Instance86.jpg,selected,
fatura_page_715724597a8cf3,fatura_doc_068eda1acf3aef,fatura_115e977479a9,fatura,invoices_dataset_final,invoice,unspecified,train,splitgrp_0fc12cda52c378,,,template33,public,data/raw/public/fatura/invoices_dataset_final/images/Template33_Instance191.jpg,selected,
fatura_page_76fa0241c964de,fatura_doc_9635f0159e17ba,fatura_4678e5715cb7,fatura,invoices_dataset_final,invoice,unspecified,train,splitgrp_497a48371c96fc,,l00039,template14,public,data/raw/public/fatura/invoices_dataset_final/images/Template14_Instance157.jpg,selected,
fatura_page_7d8623d7b280b4,fatura_doc_33dfffc7dbc84b,fatura_eb2e53b3bb93,fatura,invoices_dataset_final,invoice,unspecified,train,splitgrp_bc744745bf0387,,,template2,public,data/raw/public/fatura/invoices_dataset_final/images/Template2_Instance153.jpg,selected,
fatura_page_7dde6bbd19fc5f,fatura_doc_84f6b36b5d9295,fatura_109a74d65590,fatura,invoices_dataset_final,invoice,unspecified,train,splitgrp_62cc914864baf6,,,template49,public,data/raw/public/fatura/invoices_dataset_final/images/Template49_Instance190.jpg,selected,
fatura_page_7eeac8b0da47df,fatura_doc_ca0de20c4675db,fatura_27eab7302ff0,fatura,invoices_dataset_final,invoice,unspecified,train,splitgrp_62cc914864baf6,,,template49,public,data/raw/public/fatura/invoices_dataset_final/images/Template49_Instance188.jpg,selected,
fatura_page_81cb31d01383ce,fatura_doc_47157ffd817ec0,fatura_7a073a741296,fatura,invoices_dataset_final,invoice,unspecified,train,splitgrp_2c01a449e5cb4e,,,template47,public,data/raw/public/fatura/invoices_dataset_final/images/Template47_Instance139.jpg,selected,
fatura_page_84c9856ba511f7,fatura_doc_cdd3894f7f421f,fatura_299ca00f3f6d,fatura,invoices_dataset_final,invoice,unspecified,train,splitgrp_f4b365e47d51e7,,,template28,public,data/raw/public/fatura/invoices_dataset_final/images/Template28_Instance161.jpg,selected,
fatura_page_8652951684a217,fatura_doc_8ac36e535a245c,fatura_d18148d5b70c,fatura,invoices_dataset_final,invoice,unspecified,train,splitgrp_6b639f233725f8,,,template27,public,data/raw/public/fatura/invoices_dataset_final/images/Template27_Instance45.jpg,selected,
fatura_page_8e821cba98626a,fatura_doc_bee73b3327968d,fatura_9408c906b803,fatura,invoices_dataset_final,invoice,unspecified,train,splitgrp_33d80c517554b3,,,template26,public,data/raw/public/fatura/invoices_dataset_final/images/Template26_Instance77.jpg,selected,
fatura_page_91796ef2111a7f,fatura_doc_020f1b2b80eafc,fatura_bffef695337b,fatura,invoices_dataset_final,invoice,unspecified,train,splitgrp_782c1ceaf7b007,,,template40,public,data/raw/public/fatura/invoices_dataset_final/images/Template40_Instance47.jpg,selected,
fatura_page_919df1a9882519,fatura_doc_9a1791afe887e1,fatura_e94e216327c1,fatura,invoices_dataset_final,invoice,unspecified,train,splitgrp_703e0dedbcfda9,,,template42,public,data/raw/public/fatura/invoices_dataset_final/images/Template42_Instance172.jpg,selected,
fatura_page_93c33cf1ba38de,fatura_doc_dd3ec8564fc9e9,fatura_7add960b739a,fatura,invoices_dataset_final,invoice,unspecified,train,splitgrp_44a47a9fa4b855,,,template5,public,data/raw/public/fatura/invoices_dataset_final/images/Template5_Instance139.jpg,selected,
fatura_page_94a52e06190923,fatura_doc_b9be78df0beae5,fatura_42c6f454c5ab,fatura,invoices_dataset_final,invoice,unspecified,train,splitgrp_5859e6c758cd43,,,template24,public,data/raw/public/fatura/invoices_dataset_final/images/Template24_Instance174.jpg,selected,
fatura_page_98b6102c324e77,fatura_doc_34405dc242bbce,fatura_5a01060ade2f,fatura,invoices_dataset_final,invoice,unspecified,train,splitgrp_ac4ad4e554a7b7,,,template30,public,data/raw/public/fatura/invoices_dataset_final/images/Template30_Instance170.jpg,selected,
fatura_page_9c82d2004b2934,fatura_doc_bde06797a66057,fatura_9a703ea2188b,fatura,invoices_dataset_final,invoice,unspecified,train,splitgrp_ac4ad4e554a7b7,,,template30,public,data/raw/public/fatura/invoices_dataset_final/images/Template30_Instance29.jpg,selected,
fatura_page_a028aaf132b91a,fatura_doc_03d84e02554834,fatura_afbff0489881,fatura,invoices_dataset_final,invoice,unspecified,train,splitgrp_f48b22ac4e56c6,,l00041,template16,public,data/raw/public/fatura/invoices_dataset_final/images/Template16_Instance171.jpg,selected,
fatura_page_a2062b52a6474c,fatura_doc_1cf2b2c4e80aba,fatura_3690596835fe,fatura,invoices_dataset_final,invoice,unspecified,train,splitgrp_53105527b2b13c,,,template8,public,data/raw/public/fatura/invoices_dataset_final/images/Template8_Instance141.jpg,selected,
fatura_page_a33b2ac7250ef1,fatura_doc_10f79e2f4d3e2b,fatura_764494d2a584,fatura,invoices_dataset_final,invoice,unspecified,train,splitgrp_8b2bc3a3f7a25b,,,template23,public,data/raw/public/fatura/invoices_dataset_final/images/Template23_Instance44.jpg,selected,
fatura_page_a4926e1d9c1244,fatura_doc_a19b050a22f948,fatura_902fd2604dd4,fatura,invoices_dataset_final,invoice,unspecified,train,splitgrp_2c01a449e5cb4e,,,template47,public,data/raw/public/fatura/invoices_dataset_final/images/Template47_Instance15.jpg,selected,
fatura_page_a8f9a2ff403269,fatura_doc_f87bb1e19cb22e,fatura_e5bea9d36a08,fatura,invoices_dataset_final,invoice,unspecified,train,splitgrp_53d79df5b29dc8,,,template29,public,data/raw/public/fatura/invoices_dataset_final/images/Template29_Instance29.jpg,selected,
fatura_page_ab9edd743e6249,fatura_doc_e876b72adf2083,fatura_a9e0b5221024,fatura,invoices_dataset_final,invoice,unspecified,train,splitgrp_53b45b90450312,,,template1,public,data/raw/public/fatura/invoices_dataset_final/images/Template1_Instance113.jpg,selected,
fatura_page_aff57546a49dbe,fatura_doc_f9603e2e0ba793,fatura_6494232fe6a9,fatura,invoices_dataset_final,invoice,unspecified,train,splitgrp_44a47a9fa4b855,,,template5,public,data/raw/public/fatura/invoices_dataset_final/images/Template5_Instance82.jpg,selected,
fatura_page_b28285718287af,fatura_doc_ddd5e150ef748f,fatura_f102b5af37a5,fatura,invoices_dataset_final,invoice,unspecified,train,splitgrp_10332e482b4cdf,,l00036,template11,public,data/raw/public/fatura/invoices_dataset_final/images/Template11_Instance11.jpg,selected,
fatura_page_b5f02acf71a9c5,fatura_doc_c923e1225c4403,fatura_623b4e82a447,fatura,invoices_dataset_final,invoice,unspecified,train,splitgrp_58a38e912b9720,,,template6,public,data/raw/public/fatura/invoices_dataset_final/images/Template6_Instance11.jpg,selected,
fatura_page_b7945b7d38f93f,fatura_doc_20cbb3533e957a,fatura_58069c15c292,fatura,invoices_dataset_final,invoice,unspecified,train,splitgrp_497a48371c96fc,,l00039,template14,public,data/raw/public/fatura/invoices_dataset_final/images/Template14_Instance64.jpg,selected,
fatura_page_b87d5513f3b886,fatura_doc_ff5dea36412076,fatura_f897c25d6178,fatura,invoices_dataset_final,invoice,unspecified,train,splitgrp_10332e482b4cdf,,l00036,template11,public,data/raw/public/fatura/invoices_dataset_final/images/Template11_Instance192.jpg,selected,
fatura_page_c39803b4a616d4,fatura_doc_06c0a011d23429,fatura_77690a1220be,fatura,invoices_dataset_final,invoice,unspecified,train,splitgrp_684a1d4e6e7935,,,template20,public,data/raw/public/fatura/invoices_dataset_final/images/Template20_Instance114.jpg,selected,
fatura_page_c53f225ebbad94,fatura_doc_63fd48f5007958,fatura_d2f14ca226be,fatura,invoices_dataset_final,invoice,unspecified,train,splitgrp_84f47fdb576f05,,l00037,template12,public,data/raw/public/fatura/invoices_dataset_final/images/Template12_Instance190.jpg,selected,
fatura_page_c5dcd304a007fb,fatura_doc_8e4c7f14cb8fdf,fatura_d8874ae752b6,fatura,invoices_dataset_final,invoice,unspecified,train,splitgrp_6b639f233725f8,,,template27,public,data/raw/public/fatura/invoices_dataset_final/images/Template27_Instance121.jpg,selected,
fatura_page_cbdd5eeec70b13,fatura_doc_f72e00eba01944,fatura_377be9ab24a9,fatura,invoices_dataset_final,invoice,unspecified,train,splitgrp_782c1ceaf7b007,,,template40,public,data/raw/public/fatura/invoices_dataset_final/images/Template40_Instance104.jpg,selected,
fatura_page_d77ef9841cecd2,fatura_doc_cafa68af7a1ffe,fatura_8a886843a03f,fatura,invoices_dataset_final,invoice,unspecified,train,splitgrp_ec6139dc132532,,,template7,public,data/raw/public/fatura/invoices_dataset_final/images/Template7_Instance96.jpg,selected,
fatura_page_dede46ee391860,fatura_doc_1a0e029b1a1ff2,fatura_63c96616c08b,fatura,invoices_dataset_final,invoice,unspecified,train,splitgrp_5afe676d5d700f,,,template44,public,data/raw/public/fatura/invoices_dataset_final/images/Template44_Instance110.jpg,selected,
fatura_page_dfa0d38fa8b16c,fatura_doc_79e3fd32d52d05,fatura_b12ecaa3bef7,fatura,invoices_dataset_final,invoice,unspecified,train,splitgrp_0aaffa8f5d5082,,,template35,public,data/raw/public/fatura/invoices_dataset_final/images/Template35_Instance95.jpg,selected,
fatura_page_e1f41800bcd03c,fatura_doc_34871354ea6c89,fatura_5ad67ef804e8,fatura,invoices_dataset_final,invoice,unspecified,train,splitgrp_703e0dedbcfda9,,,template42,public,data/raw/public/fatura/invoices_dataset_final/images/Template42_Instance95.jpg,selected,
fatura_page_e35adb58a7103e,fatura_doc_cc4602e8996da8,fatura_776485750123,fatura,invoices_dataset_final,invoice,unspecified,train,splitgrp_00fd28a77f09ef,,,template25,public,data/raw/public/fatura/invoices_dataset_final/images/Template25_Instance87.jpg,selected,
fatura_page_e58b17ba525879,fatura_doc_f0bc0b7f8a7528,fatura_63a721f17ca4,fatura,invoices_dataset_final,invoice,unspecified,train,splitgrp_2c99bc8826668b,,,template46,public,data/raw/public/fatura/invoices_dataset_final/images/Template46_Instance94.jpg,selected,
fatura_page_e8374b7275f4a6,fatura_doc_5e777d28b48d55,fatura_77a75bae0cb7,fatura,invoices_dataset_final,invoice,unspecified,train,splitgrp_684a1d4e6e7935,,,template20,public,data/raw/public/fatura/invoices_dataset_final/images/Template20_Instance163.jpg,selected,
fatura_page_f188a3ef545e82,fatura_doc_9d6cd908990de8,fatura_7c659d75590f,fatura,invoices_dataset_final,invoice,unspecified,train,splitgrp_8fdc8b15277db1,,,template41,public,data/raw/public/fatura/invoices_dataset_final/images/Template41_Instance119.jpg,selected,
fatura_page_fa0f5882e656fe,fatura_doc_d0ffd55bd03436,fatura_9ae9cd9ff649,fatura,invoices_dataset_final,invoice,unspecified,train,splitgrp_a63208afca668d,,,template18,public,data/raw/public/fatura/invoices_dataset_final/images/Template18_Instance164.jpg,selected,
fatura_page_fbcf6be9757ea1,fatura_doc_cd1e8e3b2bc03b,fatura_a484d475231d,fatura,invoices_dataset_final,invoice,unspecified,train,splitgrp_a63208afca668d,,,template18,public,data/raw/public/fatura/invoices_dataset_final/images/Template18_Instance194.jpg,selected,
fatura_page_fd56a44ef149e7,fatura_doc_687fa7437dc3c0,fatura_125b8c063d4b,fatura,invoices_dataset_final,invoice,unspecified,train,splitgrp_f4b365e47d51e7,,,template28,public,data/raw/public/fatura/invoices_dataset_final/images/Template28_Instance63.jpg,selected,
fatura_page_fda5f998cc100d,fatura_doc_c0f23e561ddc06,fatura_ffc53859bdcc,fatura,invoices_dataset_final,invoice,unspecified,train,splitgrp_c9ab41e77d241a,,,template48,public,data/raw/public/fatura/invoices_dataset_final/images/Template48_Instance7.jpg,selected,
fatura_page_ff23079b9dc4e0,fatura_doc_80d9b0292be8d8,fatura_1ee7485b40ff,fatura,invoices_dataset_final,invoice,unspecified,train,splitgrp_0fc12cda52c378,,,template33,public,data/raw/public/fatura/invoices_dataset_final/images/Template33_Instance151.jpg,selected,
funsd_page_08d08497541a91,funsd_doc_0160e4d14ed32e,funsd_a3e2105b88dd,funsd,dataset,form,train,train,splitgrp_1389a12837095b,,,,public,data/raw/public/funsd/dataset/training_data/images/0001118259.png,selected,
funsd_page_105ad2239f90ca,funsd_doc_de8c02b690813b,funsd_a4abff364cda,funsd,dataset,form,train,train,splitgrp_1e5ef639619b2b,,,,public,data/raw/public/funsd/dataset/training_data/images/00040534.png,selected,
funsd_page_1173c8f55d6ebb,funsd_doc_c0a47a1160c0a9,funsd_6e90a924217b,funsd,dataset,form,train,train,splitgrp_7b11c3e8bde9e3,,,,public,data/raw/public/funsd/dataset/training_data/images/91903177.png,selected,
funsd_page_13b61a6e94de12,funsd_doc_aa874d13053e2c,funsd_f1e8aceaaa75,funsd,dataset,form,train,train,splitgrp_108d2765d19ae8,,,,public,data/raw/public/funsd/dataset/training_data/images/0060308251.png,selected,
funsd_page_1da483f49d089b,funsd_doc_2b5dbc079a60bd,funsd_7f51bfaaef59,funsd,dataset,form,train,train,splitgrp_b918abf04704ef,,,,public,data/raw/public/funsd/dataset/training_data/images/91856041_6049.png,selected,
funsd_page_257837e319af79,funsd_doc_fdc246c1428d5b,funsd_11c4e9c914d7,funsd,dataset,form,train,train,splitgrp_2081610fb12978,,,,public,data/raw/public/funsd/dataset/training_data/images/00851879.png,selected,
funsd_page_27689d1c2a4ef8,funsd_doc_05f251e23fa8c4,funsd_0e27f00536ec,funsd,dataset,form,test,train,splitgrp_ad69cca07f89f6,,,,public,data/raw/public/funsd/dataset/testing_data/images/86230203_0206.png,selected,
funsd_page_296f4e42795b7d,funsd_doc_64998426ba866d,funsd_5ff3640c0a54,funsd,dataset,form,test,train,splitgrp_0e35f001d0de59,,,,public,data/raw/public/funsd/dataset/testing_data/images/83553333_3334.png,selected,
funsd_page_331b4e11dd477c,funsd_doc_359218d25e1083,funsd_697bb82a3d58,funsd,dataset,form,train,train,splitgrp_62ace4a73e2e00,,,,public,data/raw/public/funsd/dataset/training_data/images/91914407.png,selected,
funsd_page_383cc676c76421,funsd_doc_123105f9b713f0,funsd_a2050bc0e6b1,funsd,dataset,form,train,train,splitgrp_f2cd567092ea8e,,,,public,data/raw/public/funsd/dataset/training_data/images/80310840a.png,selected,
funsd_page_3da050140eeeec,funsd_doc_f73664d1786579,funsd_86bbd0ae0c8a,funsd,dataset,form,train,train,splitgrp_6d41c4785fcf31,,,,public,data/raw/public/funsd/dataset/training_data/images/91361993.png,selected,
funsd_page_40c4660fae0066,funsd_doc_176eedf2898ac8,funsd_ccbb52b42664,funsd,dataset,form,test,train,splitgrp_73f6764acc0823,,,,public,data/raw/public/funsd/dataset/testing_data/images/89856243.png,selected,
funsd_page_431fb8702e4e17,funsd_doc_312f51882eb62a,funsd_e4ca516d329d,funsd,dataset,form,train,train,splitgrp_954ae08f619640,,,,public,data/raw/public/funsd/dataset/training_data/images/0011856542.png,selected,
funsd_page_44c30a042f9ecb,funsd_doc_3f73615d3ad5d5,funsd_ad0a646b72ff,funsd,dataset,form,test,train,splitgrp_ebbff20e1abaa6,,,,public,data/raw/public/funsd/dataset/testing_data/images/82250337_0338.png,selected,
funsd_page_44ec9aa772249e,funsd_doc_986c8ec25d5fb9,funsd_e2b9d0de9a20,funsd,dataset,form,test,train,splitgrp_d5db7ede1c82ec,,,,public,data/raw/public/funsd/dataset/testing_data/images/87125460.png,selected,
funsd_page_45ab9aa0142a81,funsd_doc_aff0989f597731,funsd_259f86ce412e,funsd,dataset,form,test,train,splitgrp_f3a5d152d3f312,,,,public,data/raw/public/funsd/dataset/testing_data/images/86328049_8050.png,selected,
funsd_page_480a359d098914,funsd_doc_4b60283399bbe9,funsd_1769d69f45e6,funsd,dataset,form,train,train,splitgrp_635aa388cf60ca,,,,public,data/raw/public/funsd/dataset/training_data/images/0012199830.png,selected,
funsd_page_4df28d46cf0e03,funsd_doc_b2202d0d08340b,funsd_3fcb4ca12dd5,funsd,dataset,form,train,train,splitgrp_e61c01e1424813,,,,public,data/raw/public/funsd/dataset/training_data/images/00070353.png,selected,
funsd_page_4ee296154cebc3,funsd_doc_55dc0912f90563,funsd_442a752554ce,funsd,dataset,form,train,train,splitgrp_dcde9467ae6932,,,,public,data/raw/public/funsd/dataset/training_data/images/93380187.png,selected,
funsd_page_512b1faef20fa1,funsd_doc_7f8d31fb3c9b90,funsd_084f37792305,funsd,dataset,form,train,train,splitgrp_8096a71e3226b6,,,,public,data/raw/public/funsd/dataset/training_data/images/91355841.png,selected,
funsd_page_53ec844be5a2e1,funsd_doc_f305b4eb748cc4,funsd_0f8c5f94e984,funsd,dataset,form,train,train,splitgrp_832d0c50950228,,,,public,data/raw/public/funsd/dataset/training_data/images/0001485288.png,selected,
funsd_page_5594835443345a,funsd_doc_b2a007c80dd120,funsd_ca182f382221,funsd,dataset,form,train,train,splitgrp_ced73db1dae755,,,,public,data/raw/public/funsd/dataset/training_data/images/91315069_91315070.png,selected,
funsd_page_57ed671fcf7363,funsd_doc_34a87fa7283b7d,funsd_a1ac707b7fc7,funsd,dataset,form,train,train,splitgrp_80cd499b508a9d,,,,public,data/raw/public/funsd/dataset/training_data/images/92091873.png,selected,
funsd_page_58c1c2ece894e9,funsd_doc_aaf6aa48dff1e3,funsd_49b3487beefb,funsd,dataset,form,train,train,splitgrp_a0cc7f9fed742d,,,,public,data/raw/public/funsd/dataset/training_data/images/0060007216.png,selected,
funsd_page_5c8d1533de8463,funsd_doc_c9bde81266254f,funsd_dc26e318d8d8,funsd,dataset,form,train,train,splitgrp_739ef213d9dfa9,,,,public,data/raw/public/funsd/dataset/training_data/images/92657311_7313.png,selected,
funsd_page_64d5c803f598b7,funsd_doc_179a42d0949779,funsd_4c07c8d577e5,funsd,dataset,form,train,train,splitgrp_a6865a771dc22e,,,,public,data/raw/public/funsd/dataset/training_data/images/0001463448.png,selected,
funsd_page_66e94f084d4428,funsd_doc_50366e85b059de,funsd_900947ec109e,funsd,dataset,form,train,train,splitgrp_4bd1348f6a7c81,,,,public,data/raw/public/funsd/dataset/training_data/images/93455715.png,selected,
funsd_page_67d6be30b605c5,funsd_doc_afe423b1f4647f,funsd_0e865234a52e,funsd,dataset,form,train,train,splitgrp_6413e626aa60bf,,,,public,data/raw/public/funsd/dataset/training_data/images/0060025670.png,selected,
funsd_page_699488d29adc84,funsd_doc_db5f9f403e7052,funsd_beefc4baa9aa,funsd,dataset,form,test,train,splitgrp_cd3255ea4f15e6,,,,public,data/raw/public/funsd/dataset/testing_data/images/83635935.png,selected,
funsd_page_69a08f878da26c,funsd_doc_4ba0157179e5bb,funsd_3d3ec2108555,funsd,dataset,form,train,train,splitgrp_659e4c96a61e9b,,,,public,data/raw/public/funsd/dataset/training_data/images/92094746.png,selected,
funsd_page_75c6317b4fc916,funsd_doc_66d2a2cca78da5,funsd_3e7cc9d0d69b,funsd,dataset,form,test,train,splitgrp_54c5575056df5a,,,,public,data/raw/public/funsd/dataset/testing_data/images/82562350.png,selected,
funsd_page_776597330c3a9b,funsd_doc_d8bae43fdea236,funsd_aadaaaba0d06,funsd,dataset,form,train,train,splitgrp_7fe001856220c8,,,,public,data/raw/public/funsd/dataset/training_data/images/0011973451.png,selected,
funsd_page_7943ef83f6f105,funsd_doc_d9e9409714eac5,funsd_5faa1d289024,funsd,dataset,form,train,train,splitgrp_6292b947b6cfaf,,,,public,data/raw/public/funsd/dataset/training_data/images/0011976929.png,selected,
funsd_page_7c6c9c8fecb554,funsd_doc_8fd6d1f88dbcf8,funsd_8700c84f52c5,funsd,dataset,form,train,train,splitgrp_ea94ab7c605871,,,,public,data/raw/public/funsd/dataset/training_data/images/80718412_8413.png,selected,
funsd_page_7d1ead8dda2944,funsd_doc_e96951cc1603f5,funsd_3b1bb97f2ea2,funsd,dataset,form,train,train,splitgrp_f9de98026c1e43,,,,public,data/raw/public/funsd/dataset/training_data/images/0060262650.png,selected,
funsd_page_7d4b304b9cbc4e,funsd_doc_83031596dc50bc,funsd_c3a586c1dcd8,funsd,dataset,form,train,train,splitgrp_66e62fbc8862c0,,,,public,data/raw/public/funsd/dataset/training_data/images/0011859695.png,selected,
funsd_page_7f2369753d57ff,funsd_doc_d08526f7881720,funsd_fffe61123ae4,funsd,dataset,form,train,train,splitgrp_a180976af8fe04,,,,public,data/raw/public/funsd/dataset/training_data/images/91104867.png,selected,
funsd_page_81865389ec181c,funsd_doc_4a5789696437ee,funsd_9b42cbcf25de,funsd,dataset,form,test,train,splitgrp_2b761eabb19674,,,,public,data/raw/public/funsd/dataset/testing_data/images/87428306.png,selected,
funsd_page_8257349b22c31f,funsd_doc_3f4f45bc61ddba,funsd_646beb122efc,funsd,dataset,form,train,train,splitgrp_fb2fa1ec843142,,,,public,data/raw/public/funsd/dataset/training_data/images/92081358_1359.png,selected,
funsd_page_84a6a8f57075b5,funsd_doc_151ca2bd894467,funsd_366a4ad52458,funsd,dataset,form,train,train,splitgrp_8b092509734129,,,,public,data/raw/public/funsd/dataset/training_data/images/80728670.png,selected,
funsd_page_8676f5756f8691,funsd_doc_cc1a606fc994d4,funsd_699ab654d897,funsd,dataset,form,train,train,splitgrp_1b0251fb5e2739,,,,public,data/raw/public/funsd/dataset/training_data/images/0001239897.png,selected,
funsd_page_90c456ab16f084,funsd_doc_ad91a3f1249776,funsd_4ae703ca22d8,funsd,dataset,form,train,train,splitgrp_1e250dba533507,,,,public,data/raw/public/funsd/dataset/training_data/images/00922237.png,selected,
funsd_page_9889c93d8ecdbb,funsd_doc_a1de6dfe995e00,funsd_1106e6a86b94,funsd,dataset,form,test,train,splitgrp_ebcee031d4506a,,,,public,data/raw/public/funsd/dataset/testing_data/images/82491256.png,selected,
funsd_page_9ba3d32b082f9d,funsd_doc_5fbf5a4d6ab875,funsd_621255f48f2c,funsd,dataset,form,train,train,splitgrp_7ab0e9407a9765,,,,public,data/raw/public/funsd/dataset/training_data/images/0060165115.png,selected,
funsd_page_9cb53fd78a54d9,funsd_doc_f8a5621a83863e,funsd_46c54cc1607e,funsd,dataset,form,train,train,splitgrp_0267d7bb3cac8a,,,,public,data/raw/public/funsd/dataset/training_data/images/0060024314.png,selected,
funsd_page_a2bf885ed3b79c,funsd_doc_b21207559cc817,funsd_57a561f26b92,funsd,dataset,form,train,train,splitgrp_85053ca1253143,,,,public,data/raw/public/funsd/dataset/training_data/images/00920222.png,selected,
funsd_page_a64b737e03e0e0,funsd_doc_25f20638be39d8,funsd_292e9d839d85,funsd,dataset,form,train,train,splitgrp_e819442709b319,,,,public,data/raw/public/funsd/dataset/training_data/images/00860012_00860014.png,selected,
funsd_page_a8534d154080b4,funsd_doc_9c27b38923bf9a,funsd_5db1cc4b8edb,funsd,dataset,form,train,train,splitgrp_12c3b49d6f01b9,,,,public,data/raw/public/funsd/dataset/training_data/images/91391310.png,selected,
funsd_page_a9a4bd0dc267c0,funsd_doc_bb4a9f78285d03,funsd_d771acbae405,funsd,dataset,form,train,train,splitgrp_567a26ab93ef03,,,,public,data/raw/public/funsd/dataset/training_data/images/0071032807.png,selected,
funsd_page_af548f48404f5e,funsd_doc_2273af222f6206,funsd_8508433d52f7,funsd,dataset,form,train,train,splitgrp_9dbbd3750cbff9,,,,public,data/raw/public/funsd/dataset/training_data/images/0060036622.png,selected,
funsd_page_b46d6b33dd852a,funsd_doc_6dd2ffa52caef0,funsd_b020a9622b07,funsd,dataset,form,train,train,splitgrp_a998a9f18b32f7,,,,public,data/raw/public/funsd/dataset/training_data/images/81749056_9057.png,selected,
funsd_page_b559e2c5447272,funsd_doc_16e955014b8371,funsd_c26396187795,funsd,dataset,form,train,train,splitgrp_a42ba520b2d9c9,,,,public,data/raw/public/funsd/dataset/training_data/images/71206427.png,selected,
funsd_page_b71fa2876c981e,funsd_doc_d08e5460985f48,funsd_6b5bc2ccad1e,funsd,dataset,form,test,train,splitgrp_19df49b10e8981,,,,public,data/raw/public/funsd/dataset/testing_data/images/92380595.png,selected,
funsd_page_b7542bc31b281e,funsd_doc_7166090ae26b42,funsd_51c2fbf187db,funsd,dataset,form,train,train,splitgrp_483163760c1277,,,,public,data/raw/public/funsd/dataset/training_data/images/92586242.png,selected,
funsd_page_b936c4e0bdf037,funsd_doc_fa5a3c86c106cc,funsd_3bd0bc213bbb,funsd,dataset,form,train,train,splitgrp_64e52c58f39579,,,,public,data/raw/public/funsd/dataset/training_data/images/71190280.png,selected,
funsd_page_cd1c4478e95ea2,funsd_doc_02723bdbcd5ac4,funsd_e5aaa0a002b4,funsd,dataset,form,train,train,splitgrp_cb9abaf0533fdb,,,,public,data/raw/public/funsd/dataset/training_data/images/81619486_9488.png,selected,
funsd_page_d9a3897ab737dd,funsd_doc_2bd492673d77de,funsd_9752b1361d83,funsd,dataset,form,test,train,splitgrp_96ad17b90eb792,,,,public,data/raw/public/funsd/dataset/testing_data/images/82200067_0069.png,selected,
funsd_page_e17d8b21d215d3,funsd_doc_bf7cdc20e37b42,funsd_138b02f15c58,funsd,dataset,form,train,train,splitgrp_a73d909072c236,,,,public,data/raw/public/funsd/dataset/training_data/images/01197604.png,selected,
funsd_page_e3aab7a9897189,funsd_doc_cca58cc6d7412b,funsd_50ce6e10f465,funsd,dataset,form,train,train,splitgrp_6645e28b3665f5,,,,public,data/raw/public/funsd/dataset/training_data/images/0001129658.png,selected,
funsd_page_e685e6485c0a4b,funsd_doc_6cae75273ab203,funsd_da6a4a0193ea,funsd,dataset,form,train,train,splitgrp_62c4aea58de6be,,,,public,data/raw/public/funsd/dataset/training_data/images/92657391.png,selected,
funsd_page_e779853729f4cc,funsd_doc_45d482b9483255,funsd_337e046a2cc1,funsd,dataset,form,train,train,splitgrp_217862d46d85bb,,,,public,data/raw/public/funsd/dataset/training_data/images/71202511.png,selected,
funsd_page_ed30c7ca9a6893,funsd_doc_2b822299694341,funsd_bbeeb7d52187,funsd,dataset,form,test,train,splitgrp_d363c54fead3d6,,,,public,data/raw/public/funsd/dataset/testing_data/images/85201976.png,selected,
funsd_page_ee6d35ff358c11,funsd_doc_64fb7de8e82e3a,funsd_1b438934dee5,funsd,dataset,form,test,train,splitgrp_fe8a3304b2037b,,,,public,data/raw/public/funsd/dataset/testing_data/images/82092117.png,selected,
funsd_page_ef694ed28505b7,funsd_doc_0d952b3e44d0d5,funsd_0213ea746cc3,funsd,dataset,form,train,train,splitgrp_e66acbb55fe8e4,,,,public,data/raw/public/funsd/dataset/training_data/images/716552.png,selected,
funsd_page_f542a6f7662513,funsd_doc_2db46ee1432d9f,funsd_f4c82fdd1072,funsd,dataset,form,train,train,splitgrp_9a1178e7263f4b,,,,public,data/raw/public/funsd/dataset/training_data/images/92298125.png,selected,
funsd_page_f695b12b56a8ba,funsd_doc_d8f124fee7f4dd,funsd_a7753e4bfe6f,funsd,dataset,form,train,train,splitgrp_ccaaa36542a1f9,,,,public,data/raw/public/funsd/dataset/training_data/images/0000990274.png,selected,
funsd_page_f9bdc0cd62541c,funsd_doc_07d5c7348fb289,funsd_3f945ef664cf,funsd,dataset,form,train,train,splitgrp_ea2727f3a6aa0d,,,,public,data/raw/public/funsd/dataset/training_data/images/80707440_7443.png,selected,
funsd_page_fb153740b70d30,funsd_doc_df05a78c2e99e2,funsd_fe6c682331a5,funsd,dataset,form,test,train,splitgrp_2e5c29d60370bd,,,,public,data/raw/public/funsd/dataset/testing_data/images/83573282.png,selected,
funsd_page_fc9ebd17d40d8d,funsd_doc_a0ddb17922c455,funsd_d54978099d93,funsd,dataset,form,train,train,splitgrp_fbc51fe2ca04df,,,,public,data/raw/public/funsd/dataset/training_data/images/0011845203.png,selected,
funsd_page_ff0cd1872158b6,funsd_doc_8db6997f905191,funsd_88e32f738297,funsd,dataset,form,train,train,splitgrp_186ee25d12e4b6,,,,public,data/raw/public/funsd/dataset/training_data/images/92314414.png,selected,
sroie_page_01c0a07f65e4f3,sroie_doc_14296b16e99fbf,sroie_dd89d659955b,sroie,SROIE2019,receipt,test,train,splitgrp_b0977502061492,,,,public,data/raw/public/sroie/SROIE2019/test/img/X51006647984.jpg,selected,
sroie_page_028f92f298d697,sroie_doc_acbb4036da8bf4,sroie_0d240d778c58,sroie,SROIE2019,receipt,train,train,splitgrp_8d830e1cf85755,,,,public,data/raw/public/sroie/SROIE2019/train/img/X51006619550.jpg,selected,
sroie_page_09a8095ce82925,sroie_doc_97c878f9e8b077,sroie_e2429598e214,sroie,SROIE2019,receipt,train,train,splitgrp_29df578bbbca06,,,,public,data/raw/public/sroie/SROIE2019/train/img/X51007339639.jpg,selected,
sroie_page_0a1520b897c174,sroie_doc_670a25af60596a,sroie_5b48e34e063c,sroie,SROIE2019,receipt,train,train,splitgrp_efc037b39c48d6,,,,public,data/raw/public/sroie/SROIE2019/train/img/X51005568829.jpg,selected,
sroie_page_0b7f73328c3c9c,sroie_doc_55badae7089995,sroie_efaf3e5e0259,sroie,SROIE2019,receipt,train,train,splitgrp_62e6d8f1f294e8,,,,public,data/raw/public/sroie/SROIE2019/train/img/X51006619342.jpg,selected,
sroie_page_0c701b05e7d080,sroie_doc_d39688706183c7,sroie_b29f9e59ccf8,sroie,SROIE2019,receipt,train,train,splitgrp_a356b28837f6d1,,,,public,data/raw/public/sroie/SROIE2019/train/img/X51006620187.jpg,selected,
sroie_page_0e5f1bd8c0e059,sroie_doc_300839407d22a9,sroie_7b3cbedf2600,sroie,SROIE2019,receipt,train,train,splitgrp_3cd065def7a612,,,,public,data/raw/public/sroie/SROIE2019/train/img/X51006414711.jpg,selected,
sroie_page_0f1cdd3727d1b0,sroie_doc_7c0b400b9343d6,sroie_f012df94709f,sroie,SROIE2019,receipt,train,train,splitgrp_5ca57793797d1b,,,,public,data/raw/public/sroie/SROIE2019/train/img/X51005722668.jpg,selected,
sroie_page_0f681081511982,sroie_doc_e870ef93b0d9f5,sroie_b61096b39f9f,sroie,SROIE2019,receipt,test,train,splitgrp_3b8ca0c8174efd,,,,public,data/raw/public/sroie/SROIE2019/test/img/X51005447859.jpg,selected,
sroie_page_1488b113bf1f16,sroie_doc_f461755407bef4,sroie_11b97b51d6d3,sroie,SROIE2019,receipt,train,train,splitgrp_6880fd80dc3e4c,,,,public,data/raw/public/sroie/SROIE2019/train/img/X51008123586.jpg,selected,
sroie_page_1607f3297a0ab0,sroie_doc_350de6bff55d9e,sroie_42c1c7f2a285,sroie,SROIE2019,receipt,train,train,splitgrp_ace4ae442718cb,,,,public,data/raw/public/sroie/SROIE2019/train/img/X51005676543.jpg,selected,
sroie_page_1974885d0e4deb,sroie_doc_3ed555f139d8d9,sroie_ebb38fdd25f6,sroie,SROIE2019,receipt,test,train,splitgrp_a238cac279404e,,l00012,,public,data/raw/public/sroie/SROIE2019/test/img/X51007231274.jpg,selected,
sroie_page_1f376f114bb1e2,sroie_doc_005d843b20df8b,sroie_cd7b23d2660f,sroie,SROIE2019,receipt,train,train,splitgrp_b057e149a2d6b3,,,,public,data/raw/public/sroie/SROIE2019/train/img/X51007231374.jpg,selected,
sroie_page_21cb2b26c32b8e,sroie_doc_3cd09ae5ad766d,sroie_07ec1ffd5c69,sroie,SROIE2019,receipt,test,train,splitgrp_8d05d226b926a8,,,,public,data/raw/public/sroie/SROIE2019/test/img/X51005337877.jpg,selected,
sroie_page_2e6119dcfc5f73,sroie_doc_c98ff83dddc7aa,sroie_4cfd4440c9a3,sroie,SROIE2019,receipt,train,train,splitgrp_3fd85a00972061,,,,public,data/raw/public/sroie/SROIE2019/train/img/X51005711451.jpg,selected,
sroie_page_33689ef9c163ec,sroie_doc_9298c1a5eaaed3,sroie_c4a07ddf744d,sroie,SROIE2019,receipt,train,train,splitgrp_e3c9157f5df7dd,,,,public,data/raw/public/sroie/SROIE2019/train/img/X51007228448.jpg,selected,
sroie_page_33bd760737c28d,sroie_doc_f4e58d97c23268,sroie_1a8640051499,sroie,SROIE2019,receipt,test,train,splitgrp_8942d0996560dd,,,,public,data/raw/public/sroie/SROIE2019/test/img/X51008030561.jpg,selected,
sroie_page_3686faad865709,sroie_doc_08205575ba2bd0,sroie_8717d7b91afd,sroie,SROIE2019,receipt,test,train,splitgrp_39e2f25e2f4150,,,,public,data/raw/public/sroie/SROIE2019/test/img/X51006327953.jpg,selected,
sroie_page_45ceb0cafad7e2,sroie_doc_5ca51fa9c5c91d,sroie_09aea9664c6c,sroie,SROIE2019,receipt,train,train,splitgrp_0cfccc5a65de86,,,,public,data/raw/public/sroie/SROIE2019/train/img/X51006466065.jpg,selected,
sroie_page_4d7d7907efedfb,sroie_doc_a76ef7be016f18,sroie_59af97950187,sroie,SROIE2019,receipt,train,train,splitgrp_a4447177a0904b,,,,public,data/raw/public/sroie/SROIE2019/train/img/X51006311764.jpg,selected,
sroie_page_535678f07baf9a,sroie_doc_b6ddf4fa5259e2,sroie_1b6ef91336c2,sroie,SROIE2019,receipt,test,train,splitgrp_591cbd66769597,,,,public,data/raw/public/sroie/SROIE2019/test/img/X51006334927.jpg,selected,
sroie_page_541395a7df05d2,sroie_doc_c6749b6a06e1f8,sroie_2a283f7a1b58,sroie,SROIE2019,receipt,test,train,splitgrp_932b2acb735d7d,,,,public,data/raw/public/sroie/SROIE2019/test/img/X51007846321.jpg,selected,
sroie_page_5597cdbfc50c63,sroie_doc_429ec68b6efd27,sroie_b52ab4c90740,sroie,SROIE2019,receipt,train,train,splitgrp_fb4f5f59f1464c,,,,public,data/raw/public/sroie/SROIE2019/train/img/X51005724554.jpg,selected,
sroie_page_580cb7533681f8,sroie_doc_4a0c8ea664b5ee,sroie_6ecb7a5ffb30,sroie,SROIE2019,receipt,test,train,splitgrp_132556b714032b,,,,public,data/raw/public/sroie/SROIE2019/test/img/X51006401845.jpg,selected,
sroie_page_5933cdd953498f,sroie_doc_835acb08640d95,sroie_acb576ae0480,sroie,SROIE2019,receipt,train,train,splitgrp_c30deac0162cb2,,,,public,data/raw/public/sroie/SROIE2019/train/img/X51005685355.jpg,selected,
sroie_page_611493f8255f8b,sroie_doc_18891efe5da3bf,sroie_27bd71016610,sroie,SROIE2019,receipt,train,train,splitgrp_a238cac279404e,,l00012,,public,data/raw/public/sroie/SROIE2019/train/img/X51006414470.jpg,selected,
sroie_page_640f1d95082181,sroie_doc_5f75fc3d9afb2c,sroie_66481165e6ff,sroie,SROIE2019,receipt,test,train,splitgrp_69b498c4cc3e30,,,,public,data/raw/public/sroie/SROIE2019/test/img/X51005719888.jpg,selected,
sroie_page_64220c092e9998,sroie_doc_e87d1606f18a08,sroie_4c7e7e3b837d,sroie,SROIE2019,receipt,train,train,splitgrp_f55c9ae482ed23,,,,public,data/raw/public/sroie/SROIE2019/train/img/X51005605335.jpg,selected,
sroie_page_65a8c61da775b4,sroie_doc_f21898d660326a,sroie_9084942fff1a,sroie,SROIE2019,receipt,test,train,splitgrp_9c49ec87c26fc2,,,,public,data/raw/public/sroie/SROIE2019/test/img/X51005365187.jpg,selected,
sroie_page_66ba7191c8037c,sroie_doc_66a83c2b79725f,sroie_d497aa12d967,sroie,SROIE2019,receipt,train,train,splitgrp_d6f695035da254,,,,public,data/raw/public/sroie/SROIE2019/train/img/X51008099089.jpg,selected,
sroie_page_6d4c5357e3ff47,sroie_doc_5ad5e57982b5e3,sroie_17b46e7514e0,sroie,SROIE2019,receipt,test,train,splitgrp_21e48784a0ef44,,,,public,data/raw/public/sroie/SROIE2019/test/img/X51006008090.jpg,selected,
sroie_page_74058ef284cf77,sroie_doc_772b2479baa1f7,sroie_d94c0e13e8eb,sroie,SROIE2019,receipt,test,train,splitgrp_cc82f828e4520c,,,,public,data/raw/public/sroie/SROIE2019/test/img/X51007225406.jpg,selected,
sroie_page_76886421d57a58,sroie_doc_d4fd0de12cae1d,sroie_f9c6da07c86b,sroie,SROIE2019,receipt,train,train,splitgrp_03c0de896014b3,,,,public,data/raw/public/sroie/SROIE2019/train/img/X00016469676.jpg,selected,
sroie_page_780fb7e44141f5,sroie_doc_343278fee67d24,sroie_f6adbee4c9d1,sroie,SROIE2019,receipt,train,train,splitgrp_902afe998211a0,,,,public,data/raw/public/sroie/SROIE2019/train/img/X51006557119.jpg,selected,
sroie_page_7e61d43cfcf2ee,sroie_doc_8c56a009bdea5e,sroie_4ba39e5dfadf,sroie,SROIE2019,receipt,test,train,splitgrp_d3f113afef301a,,,,public,data/raw/public/sroie/SROIE2019/test/img/X51006556826.jpg,selected,
sroie_page_88270bd03f0ee8,sroie_doc_0b6393a59b30e6,sroie_c0d0f11ec624,sroie,SROIE2019,receipt,train,train,splitgrp_cc6ae367dafd72,,,,public,data/raw/public/sroie/SROIE2019/train/img/X51007391372.jpg,selected,
sroie_page_89b695fc7d90fa,sroie_doc_514446c5252984,sroie_5bfbd25371e2,sroie,SROIE2019,receipt,train,train,splitgrp_88bebdfd7f0b5c,,,,public,data/raw/public/sroie/SROIE2019/train/img/X51005719917.jpg,selected,
sroie_page_8e5bec8be1f586,sroie_doc_ea964bd001bdb0,sroie_501c8ef09199,sroie,SROIE2019,receipt,test,train,splitgrp_3f08c8a37acce5,,,,public,data/raw/public/sroie/SROIE2019/test/img/X51006311714.jpg,selected,
sroie_page_9491f821938dd6,sroie_doc_d5233862a0c25f,sroie_53c64cf40b4d,sroie,SROIE2019,receipt,train,train,splitgrp_15523622514d90,,,,public,data/raw/public/sroie/SROIE2019/train/img/X51005441401.jpg,selected,
sroie_page_96f1ec295e1958,sroie_doc_adb3bc80291d22,sroie_e78d478d5b33,sroie,SROIE2019,receipt,train,train,splitgrp_882a3fab13b0da,,,,public,data/raw/public/sroie/SROIE2019/train/img/X51005711454.jpg,selected,
sroie_page_9c5e7b8a0051c6,sroie_doc_789891efc47e1e,sroie_b617400841c9,sroie,SROIE2019,receipt,train,train,splitgrp_0cede2fea61d2a,,,,public,data/raw/public/sroie/SROIE2019/train/img/X51008099073.jpg,selected,
sroie_page_a2e24de731979a,sroie_doc_04fed122079111,sroie_8b2f3766ea2c,sroie,SROIE2019,receipt,test,train,splitgrp_bc951c2d3a6c3f,,,,public,data/raw/public/sroie/SROIE2019/test/img/X51006334770.jpg,selected,
sroie_page_a7902d1681eeac,sroie_doc_825db3d3478ecb,sroie_cb3dd5b63f89,sroie,SROIE2019,receipt,train,train,splitgrp_e66487f5fcb152,,,,public,data/raw/public/sroie/SROIE2019/train/img/X51006556738.jpg,selected,
sroie_page_a8cc71c9517301,sroie_doc_687d19db4fb979,sroie_4bee12cf62f4,sroie,SROIE2019,receipt,train,train,splitgrp_1eb301990d8c59,,,,public,data/raw/public/sroie/SROIE2019/train/img/X51007135247.jpg,selected,
sroie_page_aa08d2834cf3b5,sroie_doc_5410f406fe1886,sroie_5a246f09ab9c,sroie,SROIE2019,receipt,test,train,splitgrp_0f97c3f681db19,,,,public,data/raw/public/sroie/SROIE2019/test/img/X51007846283.jpg,selected,
sroie_page_acdf57dbc6988c,sroie_doc_0f6986fea95ee4,sroie_fd719611b20c,sroie,SROIE2019,receipt,test,train,splitgrp_ee3bccae7625b5,,,,public,data/raw/public/sroie/SROIE2019/test/img/X51006619842.jpg,selected,
sroie_page_ae5f902dd081c6,sroie_doc_a7f93fa369c61b,sroie_50b4f3c36fe7,sroie,SROIE2019,receipt,train,train,splitgrp_a3c082748846be,,,,public,data/raw/public/sroie/SROIE2019/train/img/X51005663324.jpg,selected,
sroie_page_ae6eaed61fa8c5,sroie_doc_187fdd6ab962fb,sroie_e59ea86747f8,sroie,SROIE2019,receipt,train,train,splitgrp_8fd24843459422,,,,public,data/raw/public/sroie/SROIE2019/train/img/X51005301659.jpg,selected,
sroie_page_aee3a4783ae84f,sroie_doc_03964a3eaaa3a3,sroie_1bd537d05ac5,sroie,SROIE2019,receipt,train,train,splitgrp_e6bf72e8ce5bde,,,,public,data/raw/public/sroie/SROIE2019/train/img/X51005676536.jpg,selected,
sroie_page_b1df8be8e81d80,sroie_doc_51f033500126fc,sroie_70e3d96700bf,sroie,SROIE2019,receipt,train,train,splitgrp_0bd5c9da6a11f8,,,,public,data/raw/public/sroie/SROIE2019/train/img/X51007231365.jpg,selected,
sroie_page_b50352f7070940,sroie_doc_4a479ef6f35552,sroie_27ae18f65228,sroie,SROIE2019,receipt,train,train,splitgrp_d4b980a525aea8,,,,public,data/raw/public/sroie/SROIE2019/train/img/X51006619709.jpg,selected,
sroie_page_b621748537e1ab,sroie_doc_b4e417c0256436,sroie_f459413db42f,sroie,SROIE2019,receipt,train,train,splitgrp_0600fb08e6c2bc,,,,public,data/raw/public/sroie/SROIE2019/train/img/X51008164524.jpg,selected,
sroie_page_b7ff71033405eb,sroie_doc_0527e76ed1d89c,sroie_69659dac39d8,sroie,SROIE2019,receipt,train,train,splitgrp_a238cac279404e,,l00012,,public,data/raw/public/sroie/SROIE2019/train/img/X51007846388.jpg,selected,
sroie_page_b8183f3a56e24e,sroie_doc_4ab91168ac9042,sroie_bfea269cc2b2,sroie,SROIE2019,receipt,train,train,splitgrp_ddd947e3827705,,,,public,data/raw/public/sroie/SROIE2019/train/img/X51005705722.jpg,selected,
sroie_page_b93cd3bceffbbf,sroie_doc_a9456073d7435c,sroie_a7fb184c5c67,sroie,SROIE2019,receipt,train,train,splitgrp_037bfbd6078cfc,,,,public,data/raw/public/sroie/SROIE2019/train/img/X51005712021.jpg,selected,
sroie_page_b972918c7793bc,sroie_doc_30a76715ba24ed,sroie_b42cbf9dd82c,sroie,SROIE2019,receipt,train,train,splitgrp_2f682981dd0e26,,,,public,data/raw/public/sroie/SROIE2019/train/img/X51007846412.jpg,selected,
sroie_page_bdac7dda64935b,sroie_doc_c49af37359d7cc,sroie_3f5126faa9d2,sroie,SROIE2019,receipt,train,train,splitgrp_2e791b90577498,,,,public,data/raw/public/sroie/SROIE2019/train/img/X51005757201.jpg,selected,
sroie_page_bedf57db185996,sroie_doc_6d462541c1cd7a,sroie_8bbc79b43941,sroie,SROIE2019,receipt,test,train,splitgrp_bac1418a2e9bcd,,,,public,data/raw/public/sroie/SROIE2019/test/img/X51006619564.jpg,selected,
sroie_page_bf08e94db0e0e5,sroie_doc_2fe2d91f84e2bf,sroie_b1fecd68d79a,sroie,SROIE2019,receipt,train,train,splitgrp_71e6c985132993,,,,public,data/raw/public/sroie/SROIE2019/train/img/X51005568827.jpg,selected,
sroie_page_c900f6ce7b5b50,sroie_doc_d7fe061fee02ef,sroie_a37bb1dee91e,sroie,SROIE2019,receipt,train,train,splitgrp_65ab4cc5667a13,,,,public,data/raw/public/sroie/SROIE2019/train/img/X51006619777.jpg,selected,
sroie_page_cee06f94e12dbb,sroie_doc_b3be62ccaccca9,sroie_47e860dc104a,sroie,SROIE2019,receipt,train,train,splitgrp_edbdcc3366113c,,,,public,data/raw/public/sroie/SROIE2019/train/img/X51006913007.jpg,selected,
sroie_page_dc3f58c627f458,sroie_doc_8f86d037ff11e2,sroie_f8ca788b8c8e,sroie,SROIE2019,receipt,train,train,splitgrp_5f8217d987b92a,,,,public,data/raw/public/sroie/SROIE2019/train/img/X51005442376.jpg,selected,
sroie_page_de2ff252a3ce09,sroie_doc_21ed878d4273c5,sroie_86ce6d9090bb,sroie,SROIE2019,receipt,train,train,splitgrp_fb311ef0ac40f2,,,,public,data/raw/public/sroie/SROIE2019/train/img/X51005442341.jpg,selected,
sroie_page_dfcc7c3c12e4bb,sroie_doc_2ee8635f601ad8,sroie_23f9b39e21b9,sroie,SROIE2019,receipt,train,train,splitgrp_fc0d57ce7938b7,,,,public,data/raw/public/sroie/SROIE2019/train/img/X51007339151.jpg,selected,
sroie_page_e163214f669d17,sroie_doc_32e23c51021b41,sroie_b42f3958da0b,sroie,SROIE2019,receipt,train,train,splitgrp_a238cac279404e,,l00012,,public,data/raw/public/sroie/SROIE2019/train/img/X51007846286.jpg,selected,
sroie_page_e9e721f839b271,sroie_doc_7a5e8d2a7e7474,sroie_a7a333046b71,sroie,SROIE2019,receipt,test,train,splitgrp_8ce1be4e8731e1,,,,public,data/raw/public/sroie/SROIE2019/test/img/X51005447844.jpg,selected,
sroie_page_ee9b3f65c7dab8,sroie_doc_509e86918c0f65,sroie_72598dc5b5da,sroie,SROIE2019,receipt,test,train,splitgrp_a238cac279404e,,l00012,,public,data/raw/public/sroie/SROIE2019/test/img/X51007846303.jpg,selected,
sroie_page_f0c64e9d02f34a,sroie_doc_ce323df9b93297,sroie_84e3da7c09bf,sroie,SROIE2019,receipt,train,train,splitgrp_6da42c2ed7427a,,,,public,data/raw/public/sroie/SROIE2019/train/img/X51006311767.jpg,selected,
sroie_page_f1c00879edd794,sroie_doc_e004388ed1e49d,sroie_e41e03334b2c,sroie,SROIE2019,receipt,test,train,splitgrp_f35b8e0e9d0541,,,,public,data/raw/public/sroie/SROIE2019/test/img/X51006328937.jpg,selected,
sroie_page_fcef983f2a1a06,sroie_doc_c11c9e3d0d7a8d,sroie_dd775a005951,sroie,SROIE2019,receipt,test,train,splitgrp_ddd3b1ca46fb43,,,,public,data/raw/public/sroie/SROIE2019/test/img/X51005677336.jpg,selected,
