timestamp,dataset,file_path,operation,error_type,error_message,action_taken
2026-07-13T08:08:22.959233+00:00,funsd,data\raw\public\funsd\__MACOSX\dataset\testing_data\annotations\._82092117.json,validate,invalid_json,invalid_json: 'utf-8' codec can't decode byte 0xa3 in position 37: invalid start byte; OS junk,recorded
2026-07-13T08:08:22.959264+00:00,funsd,data\raw\public\funsd\__MACOSX\dataset\testing_data\annotations\._82200067_0069.json,validate,invalid_json,invalid_json: 'utf-8' codec can't decode byte 0xa3 in position 37: invalid start byte; OS junk,recorded
2026-07-13T08:08:22.959272+00:00,funsd,data\raw\public\funsd\__MACOSX\dataset\testing_data\annotations\._82250337_0338.json,validate,invalid_json,invalid_json: 'utf-8' codec can't decode byte 0xa3 in position 37: invalid start byte; OS junk,recorded
2026-07-13T08:08:22.959280+00:00,funsd,data\raw\public\funsd\__MACOSX\dataset\testing_data\annotations\._82251504.json,validate,invalid_json,invalid_json: 'utf-8' codec can't decode byte 0xa3 in position 37: invalid start byte; OS junk,recorded
2026-07-13T08:08:22.959285+00:00,funsd,data\raw\public\funsd\__MACOSX\dataset\testing_data\annotations\._82252956_2958.json,validate,invalid_json,invalid_json: 'utf-8' codec can't decode byte 0xa3 in position 37: invalid start byte; OS junk,recorded
2026-07-13T08:08:22.959290+00:00,funsd,data\raw\public\funsd\__MACOSX\dataset\testing_data\annotations\._82253058_3059.json,validate,invalid_json,invalid_json: 'utf-8' codec can't decode byte 0xa3 in position 37: invalid start byte; OS junk,recorded
2026-07-13T08:08:22.959295+00:00,funsd,data\raw\public\funsd\__MACOSX\dataset\testing_data\annotations\._82253245_3247.json,validate,invalid_json,invalid_json: 'utf-8' codec can't decode byte 0xa3 in position 37: invalid start byte; OS junk,recorded
2026-07-13T08:08:22.959299+00:00,funsd,data\raw\public\funsd\__MACOSX\dataset\testing_data\annotations\._82253362_3364.json,validate,invalid_json,invalid_json: 'utf-8' codec can't decode byte 0xa3 in position 37: invalid start byte; OS junk,recorded
2026-07-13T08:08:22.959304+00:00,funsd,data\raw\public\funsd\__MACOSX\dataset\testing_data\annotations\._82254765.json,validate,invalid_json,invalid_json: 'utf-8' codec can't decode byte 0xa3 in position 37: invalid start byte; OS junk,recorded
2026-07-13T08:08:22.959308+00:00,funsd,data\raw\public\funsd\__MACOSX\dataset\testing_data\annotations\._82491256.json,validate,invalid_json,invalid_json: 'utf-8' codec can't decode byte 0xa3 in position 37: invalid start byte; OS junk,recorded
2026-07-13T08:08:22.959313+00:00,funsd,data\raw\public\funsd\__MACOSX\dataset\testing_data\annotations\._82504862.json,validate,invalid_json,invalid_json: 'utf-8' codec can't decode byte 0xa3 in position 37: invalid start byte; OS junk,recorded
2026-07-13T08:08:22.959317+00:00,funsd,data\raw\public\funsd\__MACOSX\dataset\testing_data\annotations\._82562350.json,validate,invalid_json,invalid_json: 'utf-8' codec can't decode byte 0xa3 in position 37: invalid start byte; OS junk,recorded
2026-07-13T08:08:22.959322+00:00,funsd,data\raw\public\funsd\__MACOSX\dataset\testing_data\annotations\._82573104.json,validate,invalid_json,invalid_json: 'utf-8' codec can't decode byte 0xa3 in position 37: invalid start byte; OS junk,recorded
2026-07-13T08:08:22.959326+00:00,funsd,data\raw\public\funsd\__MACOSX\dataset\testing_data\annotations\._82837252.json,validate,invalid_json,invalid_json: 'utf-8' codec can't decode byte 0xa3 in position 37: invalid start byte; OS junk,recorded
2026-07-13T08:08:22.959330+00:00,funsd,data\raw\public\funsd\__MACOSX\dataset\testing_data\annotations\._83443897.json,validate,invalid_json,invalid_json: 'utf-8' codec can't decode byte 0xa3 in position 37: invalid start byte; OS junk,recorded
2026-07-13T08:08:22.959334+00:00,funsd,data\raw\public\funsd\__MACOSX\dataset\testing_data\annotations\._83553333_3334.json,validate,invalid_json,invalid_json: 'utf-8' codec can't decode byte 0xa3 in position 37: invalid start byte; OS junk,recorded
2026-07-13T08:08:22.959339+00:00,funsd,data\raw\public\funsd\__MACOSX\dataset\testing_data\annotations\._83573282.json,validate,invalid_json,invalid_json: 'utf-8' codec can't decode byte 0xa3 in position 37: invalid start byte; OS junk,recorded
2026-07-13T08:08:22.959345+00:00,funsd,data\raw\public\funsd\__MACOSX\dataset\testing_data\annotations\._83594639.json,validate,invalid_json,invalid_json: 'utf-8' codec can't decode byte 0xa3 in position 37: invalid start byte; OS junk,recorded
2026-07-13T08:08:22.959349+00:00,funsd,data\raw\public\funsd\__MACOSX\dataset\testing_data\annotations\._83624198.json,validate,invalid_json,invalid_json: 'utf-8' codec can't decode byte 0xa3 in position 37: invalid start byte; OS junk,recorded
2026-07-13T08:08:22.959355+00:00,funsd,data\raw\public\funsd\__MACOSX\dataset\testing_data\annotations\._83635935.json,validate,invalid_json,invalid_json: 'utf-8' codec can't decode byte 0xdb in position 37: invalid continuation byte; OS junk,recorded
2026-07-13T08:08:22.959359+00:00,funsd,data\raw\public\funsd\__MACOSX\dataset\testing_data\annotations\._83641919_1921.json,validate,invalid_json,invalid_json: 'utf-8' codec can't decode byte 0xa3 in position 37: invalid start byte; OS junk,recorded
2026-07-13T08:08:22.959363+00:00,funsd,data\raw\public\funsd\__MACOSX\dataset\testing_data\annotations\._83772145.json,validate,invalid_json,invalid_json: 'utf-8' codec can't decode byte 0xa3 in position 37: invalid start byte; OS junk,recorded
2026-07-13T08:08:22.959368+00:00,funsd,data\raw\public\funsd\__MACOSX\dataset\testing_data\annotations\._83823750.json,validate,invalid_json,invalid_json: 'utf-8' codec can't decode byte 0xa3 in position 37: invalid start byte; OS junk,recorded
2026-07-13T08:08:22.959372+00:00,funsd,data\raw\public\funsd\__MACOSX\dataset\testing_data\annotations\._83996357.json,validate,invalid_json,invalid_json: 'utf-8' codec can't decode byte 0xa3 in position 37: invalid start byte; OS junk,recorded
2026-07-13T08:08:22.959376+00:00,funsd,data\raw\public\funsd\__MACOSX\dataset\testing_data\annotations\._85201976.json,validate,invalid_json,invalid_json: 'utf-8' codec can't decode byte 0xa3 in position 37: invalid start byte; OS junk,recorded
2026-07-13T08:08:22.959380+00:00,funsd,data\raw\public\funsd\__MACOSX\dataset\testing_data\annotations\._85240939.json,validate,invalid_json,invalid_json: 'utf-8' codec can't decode byte 0xa3 in position 37: invalid start byte; OS junk,recorded
2026-07-13T08:08:22.959386+00:00,funsd,data\raw\public\funsd\__MACOSX\dataset\testing_data\annotations\._85540866.json,validate,invalid_json,invalid_json: 'utf-8' codec can't decode byte 0xa3 in position 37: invalid start byte; OS junk,recorded
2026-07-13T08:08:22.959391+00:00,funsd,data\raw\public\funsd\__MACOSX\dataset\testing_data\annotations\._85629964.json,validate,invalid_json,invalid_json: 'utf-8' codec can't decode byte 0xa3 in position 37: invalid start byte; OS junk,recorded
2026-07-13T08:08:22.959395+00:00,funsd,data\raw\public\funsd\__MACOSX\dataset\testing_data\annotations\._86075409_5410.json,validate,invalid_json,invalid_json: 'utf-8' codec can't decode byte 0xdb in position 37: invalid continuation byte; OS junk,recorded
2026-07-13T08:08:22.959400+00:00,funsd,data\raw\public\funsd\__MACOSX\dataset\testing_data\annotations\._86079776_9777.json,validate,invalid_json,invalid_json: 'utf-8' codec can't decode byte 0xa3 in position 37: invalid start byte; OS junk,recorded
2026-07-13T08:08:22.959404+00:00,funsd,data\raw\public\funsd\__MACOSX\dataset\testing_data\annotations\._86220490.json,validate,invalid_json,invalid_json: 'utf-8' codec can't decode byte 0xa3 in position 37: invalid start byte; OS junk,recorded
2026-07-13T08:08:22.959408+00:00,funsd,data\raw\public\funsd\__MACOSX\dataset\testing_data\annotations\._86230203_0206.json,validate,invalid_json,invalid_json: 'utf-8' codec can't decode byte 0xdb in position 37: invalid continuation byte; OS junk,recorded
2026-07-13T08:08:22.959413+00:00,funsd,data\raw\public\funsd\__MACOSX\dataset\testing_data\annotations\._86236474_6476.json,validate,invalid_json,invalid_json: 'utf-8' codec can't decode byte 0xdb in position 37: invalid continuation byte; OS junk,recorded
2026-07-13T08:08:22.959418+00:00,funsd,data\raw\public\funsd\__MACOSX\dataset\testing_data\annotations\._86244113.json,validate,invalid_json,invalid_json: 'utf-8' codec can't decode byte 0xa3 in position 37: invalid start byte; OS junk,recorded
2026-07-13T08:08:22.959422+00:00,funsd,data\raw\public\funsd\__MACOSX\dataset\testing_data\annotations\._86263525.json,validate,invalid_json,invalid_json: 'utf-8' codec can't decode byte 0xa3 in position 37: invalid start byte; OS junk,recorded
2026-07-13T08:08:22.959427+00:00,funsd,data\raw\public\funsd\__MACOSX\dataset\testing_data\annotations\._86328049_8050.json,validate,invalid_json,invalid_json: 'utf-8' codec can't decode byte 0xa3 in position 37: invalid start byte; OS junk,recorded
2026-07-13T08:08:22.959431+00:00,funsd,data\raw\public\funsd\__MACOSX\dataset\testing_data\annotations\._87086073.json,validate,invalid_json,invalid_json: 'utf-8' codec can't decode byte 0xa3 in position 37: invalid start byte; OS junk,recorded
2026-07-13T08:08:22.959437+00:00,funsd,data\raw\public\funsd\__MACOSX\dataset\testing_data\annotations\._87093315_87093318.json,validate,invalid_json,invalid_json: 'utf-8' codec can't decode byte 0xa3 in position 37: invalid start byte; OS junk,recorded
2026-07-13T08:08:22.959441+00:00,funsd,data\raw\public\funsd\__MACOSX\dataset\testing_data\annotations\._87125460.json,validate,invalid_json,invalid_json: 'utf-8' codec can't decode byte 0xdb in position 37: invalid continuation byte; OS junk,recorded
2026-07-13T08:08:22.959446+00:00,funsd,data\raw\public\funsd\__MACOSX\dataset\testing_data\annotations\._87137840.json,validate,invalid_json,invalid_json: 'utf-8' codec can't decode byte 0xdb in position 37: invalid continuation byte; OS junk,recorded
2026-07-13T08:08:22.959450+00:00,funsd,data\raw\public\funsd\__MACOSX\dataset\testing_data\annotations\._87147607.json,validate,invalid_json,invalid_json: 'utf-8' codec can't decode byte 0xdb in position 37: invalid continuation byte; OS junk,recorded
2026-07-13T08:08:22.959454+00:00,funsd,data\raw\public\funsd\__MACOSX\dataset\testing_data\annotations\._87332450.json,validate,invalid_json,invalid_json: 'utf-8' codec can't decode byte 0xa3 in position 37: invalid start byte; OS junk,recorded
2026-07-13T08:08:22.959458+00:00,funsd,data\raw\public\funsd\__MACOSX\dataset\testing_data\annotations\._87428306.json,validate,invalid_json,invalid_json: 'utf-8' codec can't decode byte 0xa3 in position 37: invalid start byte; OS junk,recorded
2026-07-13T08:08:22.959463+00:00,funsd,data\raw\public\funsd\__MACOSX\dataset\testing_data\annotations\._87528321.json,validate,invalid_json,invalid_json: 'utf-8' codec can't decode byte 0xa3 in position 37: invalid start byte; OS junk,recorded
2026-07-13T08:08:22.959467+00:00,funsd,data\raw\public\funsd\__MACOSX\dataset\testing_data\annotations\._87528380.json,validate,invalid_json,invalid_json: 'utf-8' codec can't decode byte 0xa3 in position 37: invalid start byte; OS junk,recorded
2026-07-13T08:08:22.959471+00:00,funsd,data\raw\public\funsd\__MACOSX\dataset\testing_data\annotations\._87594142_87594144.json,validate,invalid_json,invalid_json: 'utf-8' codec can't decode byte 0xa3 in position 37: invalid start byte; OS junk,recorded
2026-07-13T08:08:22.959476+00:00,funsd,data\raw\public\funsd\__MACOSX\dataset\testing_data\annotations\._89856243.json,validate,invalid_json,invalid_json: 'utf-8' codec can't decode byte 0xa3 in position 37: invalid start byte; OS junk,recorded
2026-07-13T08:08:22.959480+00:00,funsd,data\raw\public\funsd\__MACOSX\dataset\testing_data\annotations\._91814768_91814769.json,validate,invalid_json,invalid_json: 'utf-8' codec can't decode byte 0xa3 in position 37: invalid start byte; OS junk,recorded
2026-07-13T08:08:22.959484+00:00,funsd,data\raw\public\funsd\__MACOSX\dataset\testing_data\annotations\._92380595.json,validate,invalid_json,invalid_json: 'utf-8' codec can't decode byte 0xa3 in position 37: invalid start byte; OS junk,recorded
2026-07-13T08:08:22.959489+00:00,funsd,data\raw\public\funsd\__MACOSX\dataset\testing_data\annotations\._93106788.json,validate,invalid_json,invalid_json: 'utf-8' codec can't decode byte 0xa3 in position 37: invalid start byte; OS junk,recorded
2026-07-13T08:08:22.959494+00:00,funsd,data\raw\public\funsd\__MACOSX\dataset\testing_data\images\._82092117.png,validate,corrupted_image,corrupted or unreadable image; OS junk,recorded
2026-07-13T08:08:22.959499+00:00,funsd,data\raw\public\funsd\__MACOSX\dataset\testing_data\images\._82200067_0069.png,validate,corrupted_image,corrupted or unreadable image; OS junk,recorded
2026-07-13T08:08:22.959503+00:00,funsd,data\raw\public\funsd\__MACOSX\dataset\testing_data\images\._82250337_0338.png,validate,corrupted_image,corrupted or unreadable image; OS junk,recorded
2026-07-13T08:08:22.959508+00:00,funsd,data\raw\public\funsd\__MACOSX\dataset\testing_data\images\._82251504.png,validate,corrupted_image,corrupted or unreadable image; OS junk,recorded
2026-07-13T08:08:22.959512+00:00,funsd,data\raw\public\funsd\__MACOSX\dataset\testing_data\images\._82252956_2958.png,validate,corrupted_image,corrupted or unreadable image; OS junk,recorded
2026-07-13T08:08:22.959517+00:00,funsd,data\raw\public\funsd\__MACOSX\dataset\testing_data\images\._82253058_3059.png,validate,corrupted_image,corrupted or unreadable image; OS junk,recorded
2026-07-13T08:08:22.959522+00:00,funsd,data\raw\public\funsd\__MACOSX\dataset\testing_data\images\._82253245_3247.png,validate,corrupted_image,corrupted or unreadable image; OS junk,recorded
2026-07-13T08:08:22.959527+00:00,funsd,data\raw\public\funsd\__MACOSX\dataset\testing_data\images\._82253362_3364.png,validate,corrupted_image,corrupted or unreadable image; OS junk,recorded
2026-07-13T08:08:22.959531+00:00,funsd,data\raw\public\funsd\__MACOSX\dataset\testing_data\images\._82254765.png,validate,corrupted_image,corrupted or unreadable image; OS junk,recorded
2026-07-13T08:08:22.959535+00:00,funsd,data\raw\public\funsd\__MACOSX\dataset\testing_data\images\._82491256.png,validate,corrupted_image,corrupted or unreadable image; OS junk,recorded
2026-07-13T08:08:22.959540+00:00,funsd,data\raw\public\funsd\__MACOSX\dataset\testing_data\images\._82504862.png,validate,corrupted_image,corrupted or unreadable image; OS junk,recorded
2026-07-13T08:08:22.959544+00:00,funsd,data\raw\public\funsd\__MACOSX\dataset\testing_data\images\._82562350.png,validate,corrupted_image,corrupted or unreadable image; OS junk,recorded
2026-07-13T08:08:22.959549+00:00,funsd,data\raw\public\funsd\__MACOSX\dataset\testing_data\images\._82573104.png,validate,corrupted_image,corrupted or unreadable image; OS junk,recorded
2026-07-13T08:08:22.959553+00:00,funsd,data\raw\public\funsd\__MACOSX\dataset\testing_data\images\._82837252.png,validate,corrupted_image,corrupted or unreadable image; OS junk,recorded
2026-07-13T08:08:22.959557+00:00,funsd,data\raw\public\funsd\__MACOSX\dataset\testing_data\images\._83443897.png,validate,corrupted_image,corrupted or unreadable image; OS junk,recorded
2026-07-13T08:08:22.959562+00:00,funsd,data\raw\public\funsd\__MACOSX\dataset\testing_data\images\._83553333_3334.png,validate,corrupted_image,corrupted or unreadable image; OS junk,recorded
2026-07-13T08:08:22.959567+00:00,funsd,data\raw\public\funsd\__MACOSX\dataset\testing_data\images\._83573282.png,validate,corrupted_image,corrupted or unreadable image; OS junk,recorded
2026-07-13T08:08:22.959571+00:00,funsd,data\raw\public\funsd\__MACOSX\dataset\testing_data\images\._83594639.png,validate,corrupted_image,corrupted or unreadable image; OS junk,recorded
2026-07-13T08:08:22.959575+00:00,funsd,data\raw\public\funsd\__MACOSX\dataset\testing_data\images\._83624198.png,validate,corrupted_image,corrupted or unreadable image; OS junk,recorded
2026-07-13T08:08:22.959580+00:00,funsd,data\raw\public\funsd\__MACOSX\dataset\testing_data\images\._83635935.png,validate,corrupted_image,corrupted or unreadable image; OS junk,recorded
2026-07-13T08:08:22.959585+00:00,funsd,data\raw\public\funsd\__MACOSX\dataset\testing_data\images\._83641919_1921.png,validate,corrupted_image,corrupted or unreadable image; OS junk,recorded
2026-07-13T08:08:22.959589+00:00,funsd,data\raw\public\funsd\__MACOSX\dataset\testing_data\images\._83772145.png,validate,corrupted_image,corrupted or unreadable image; OS junk,recorded
2026-07-13T08:08:22.959594+00:00,funsd,data\raw\public\funsd\__MACOSX\dataset\testing_data\images\._83823750.png,validate,corrupted_image,corrupted or unreadable image; OS junk,recorded
2026-07-13T08:08:22.959598+00:00,funsd,data\raw\public\funsd\__MACOSX\dataset\testing_data\images\._83996357.png,validate,corrupted_image,corrupted or unreadable image; OS junk,recorded
2026-07-13T08:08:22.959602+00:00,funsd,data\raw\public\funsd\__MACOSX\dataset\testing_data\images\._85201976.png,validate,corrupted_image,corrupted or unreadable image; OS junk,recorded
2026-07-13T08:08:22.959606+00:00,funsd,data\raw\public\funsd\__MACOSX\dataset\testing_data\images\._85240939.png,validate,corrupted_image,corrupted or unreadable image; OS junk,recorded
2026-07-13T08:08:22.959613+00:00,funsd,data\raw\public\funsd\__MACOSX\dataset\testing_data\images\._85540866.png,validate,corrupted_image,corrupted or unreadable image; OS junk,recorded
2026-07-13T08:08:22.959619+00:00,funsd,data\raw\public\funsd\__MACOSX\dataset\testing_data\images\._85629964.png,validate,corrupted_image,corrupted or unreadable image; OS junk,recorded
2026-07-13T08:08:22.959624+00:00,funsd,data\raw\public\funsd\__MACOSX\dataset\testing_data\images\._86075409_5410.png,validate,corrupted_image,corrupted or unreadable image; OS junk,recorded
2026-07-13T08:08:22.959628+00:00,funsd,data\raw\public\funsd\__MACOSX\dataset\testing_data\images\._86079776_9777.png,validate,corrupted_image,corrupted or unreadable image; OS junk,recorded
2026-07-13T08:08:22.959632+00:00,funsd,data\raw\public\funsd\__MACOSX\dataset\testing_data\images\._86220490.png,validate,corrupted_image,corrupted or unreadable image; OS junk,recorded
2026-07-13T08:08:22.959636+00:00,funsd,data\raw\public\funsd\__MACOSX\dataset\testing_data\images\._86230203_0206.png,validate,corrupted_image,corrupted or unreadable image; OS junk,recorded
2026-07-13T08:08:22.959641+00:00,funsd,data\raw\public\funsd\__MACOSX\dataset\testing_data\images\._86236474_6476.png,validate,corrupted_image,corrupted or unreadable image; OS junk,recorded
2026-07-13T08:08:22.959646+00:00,funsd,data\raw\public\funsd\__MACOSX\dataset\testing_data\images\._86244113.png,validate,corrupted_image,corrupted or unreadable image; OS junk,recorded
2026-07-13T08:08:22.959650+00:00,funsd,data\raw\public\funsd\__MACOSX\dataset\testing_data\images\._86263525.png,validate,corrupted_image,corrupted or unreadable image; OS junk,recorded
2026-07-13T08:08:22.959654+00:00,funsd,data\raw\public\funsd\__MACOSX\dataset\testing_data\images\._86328049_8050.png,validate,corrupted_image,corrupted or unreadable image; OS junk,recorded
2026-07-13T08:08:22.959659+00:00,funsd,data\raw\public\funsd\__MACOSX\dataset\testing_data\images\._87086073.png,validate,corrupted_image,corrupted or unreadable image; OS junk,recorded
2026-07-13T08:08:22.959663+00:00,funsd,data\raw\public\funsd\__MACOSX\dataset\testing_data\images\._87093315_87093318.png,validate,corrupted_image,corrupted or unreadable image; OS junk,recorded
2026-07-13T08:08:22.959668+00:00,funsd,data\raw\public\funsd\__MACOSX\dataset\testing_data\images\._87125460.png,validate,corrupted_image,corrupted or unreadable image; OS junk,recorded
2026-07-13T08:08:22.959672+00:00,funsd,data\raw\public\funsd\__MACOSX\dataset\testing_data\images\._87137840.png,validate,corrupted_image,corrupted or unreadable image; OS junk,recorded
2026-07-13T08:08:22.959676+00:00,funsd,data\raw\public\funsd\__MACOSX\dataset\testing_data\images\._87147607.png,validate,corrupted_image,corrupted or unreadable image; OS junk,recorded
2026-07-13T08:08:22.959681+00:00,funsd,data\raw\public\funsd\__MACOSX\dataset\testing_data\images\._87332450.png,validate,corrupted_image,corrupted or unreadable image; OS junk,recorded
2026-07-13T08:08:22.959685+00:00,funsd,data\raw\public\funsd\__MACOSX\dataset\testing_data\images\._87428306.png,validate,corrupted_image,corrupted or unreadable image; OS junk,recorded
2026-07-13T08:08:22.959690+00:00,funsd,data\raw\public\funsd\__MACOSX\dataset\testing_data\images\._87528321.png,validate,corrupted_image,corrupted or unreadable image; OS junk,recorded
2026-07-13T08:08:22.959694+00:00,funsd,data\raw\public\funsd\__MACOSX\dataset\testing_data\images\._87528380.png,validate,corrupted_image,corrupted or unreadable image; OS junk,recorded
2026-07-13T08:08:22.959700+00:00,funsd,data\raw\public\funsd\__MACOSX\dataset\testing_data\images\._87594142_87594144.png,validate,corrupted_image,corrupted or unreadable image; OS junk,recorded
2026-07-13T08:08:22.959704+00:00,funsd,data\raw\public\funsd\__MACOSX\dataset\testing_data\images\._89856243.png,validate,corrupted_image,corrupted or unreadable image; OS junk,recorded
2026-07-13T08:08:22.959709+00:00,funsd,data\raw\public\funsd\__MACOSX\dataset\testing_data\images\._91814768_91814769.png,validate,corrupted_image,corrupted or unreadable image; OS junk,recorded
2026-07-13T08:08:22.959713+00:00,funsd,data\raw\public\funsd\__MACOSX\dataset\testing_data\images\._92380595.png,validate,corrupted_image,corrupted or unreadable image; OS junk,recorded
2026-07-13T08:08:22.959718+00:00,funsd,data\raw\public\funsd\__MACOSX\dataset\testing_data\images\._93106788.png,validate,corrupted_image,corrupted or unreadable image; OS junk,recorded
2026-07-13T08:08:22.959723+00:00,funsd,data\raw\public\funsd\__MACOSX\dataset\training_data\annotations\._0000971160.json,validate,invalid_json,invalid_json: 'utf-8' codec can't decode byte 0xdb in position 37: invalid continuation byte; OS junk,recorded
2026-07-13T08:08:22.959728+00:00,funsd,data\raw\public\funsd\__MACOSX\dataset\training_data\annotations\._0000989556.json,validate,invalid_json,invalid_json: 'utf-8' codec can't decode byte 0xa3 in position 37: invalid start byte; OS junk,recorded
2026-07-13T08:08:22.959733+00:00,funsd,data\raw\public\funsd\__MACOSX\dataset\training_data\annotations\._0000990274.json,validate,invalid_json,invalid_json: 'utf-8' codec can't decode byte 0xa3 in position 37: invalid start byte; OS junk,recorded
2026-07-13T08:08:22.959737+00:00,funsd,data\raw\public\funsd\__MACOSX\dataset\training_data\annotations\._0000999294.json,validate,invalid_json,invalid_json: 'utf-8' codec can't decode byte 0xa3 in position 37: invalid start byte; OS junk,recorded
2026-07-13T08:08:22.959742+00:00,funsd,data\raw\public\funsd\__MACOSX\dataset\training_data\annotations\._0001118259.json,validate,invalid_json,invalid_json: 'utf-8' codec can't decode byte 0xa3 in position 37: invalid start byte; OS junk,recorded
2026-07-13T08:08:22.959746+00:00,funsd,data\raw\public\funsd\__MACOSX\dataset\training_data\annotations\._0001123541.json,validate,invalid_json,invalid_json: 'utf-8' codec can't decode byte 0xdb in position 37: invalid continuation byte; OS junk,recorded
2026-07-13T08:08:22.959750+00:00,funsd,data\raw\public\funsd\__MACOSX\dataset\training_data\annotations\._0001129658.json,validate,invalid_json,invalid_json: 'utf-8' codec can't decode byte 0xa3 in position 37: invalid start byte; OS junk,recorded
2026-07-13T08:08:22.959754+00:00,funsd,data\raw\public\funsd\__MACOSX\dataset\training_data\annotations\._0001209043.json,validate,invalid_json,invalid_json: 'utf-8' codec can't decode byte 0xdb in position 37: invalid continuation byte; OS junk,recorded
2026-07-13T08:08:22.959759+00:00,funsd,data\raw\public\funsd\__MACOSX\dataset\training_data\annotations\._0001239897.json,validate,invalid_json,invalid_json: 'utf-8' codec can't decode byte 0xa3 in position 37: invalid start byte; OS junk,recorded
2026-07-13T08:08:22.959764+00:00,funsd,data\raw\public\funsd\__MACOSX\dataset\training_data\annotations\._0001438955.json,validate,invalid_json,invalid_json: 'utf-8' codec can't decode byte 0xa3 in position 37: invalid start byte; OS junk,recorded
2026-07-13T08:08:22.959768+00:00,funsd,data\raw\public\funsd\__MACOSX\dataset\training_data\annotations\._0001456787.json,validate,invalid_json,invalid_json: 'utf-8' codec can't decode byte 0xa3 in position 37: invalid start byte; OS junk,recorded
2026-07-13T08:08:22.959773+00:00,funsd,data\raw\public\funsd\__MACOSX\dataset\training_data\annotations\._0001463282.json,validate,invalid_json,invalid_json: 'utf-8' codec can't decode byte 0xa3 in position 37: invalid start byte; OS junk,recorded
2026-07-13T08:08:22.959777+00:00,funsd,data\raw\public\funsd\__MACOSX\dataset\training_data\annotations\._0001463448.json,validate,invalid_json,invalid_json: 'utf-8' codec can't decode byte 0xdb in position 37: invalid continuation byte; OS junk,recorded
2026-07-13T08:08:22.959781+00:00,funsd,data\raw\public\funsd\__MACOSX\dataset\training_data\annotations\._0001476912.json,validate,invalid_json,invalid_json: 'utf-8' codec can't decode byte 0xa3 in position 37: invalid start byte; OS junk,recorded
2026-07-13T08:08:22.959785+00:00,funsd,data\raw\public\funsd\__MACOSX\dataset\training_data\annotations\._0001477983.json,validate,invalid_json,invalid_json: 'utf-8' codec can't decode byte 0xa3 in position 37: invalid start byte; OS junk,recorded
2026-07-13T08:08:22.959792+00:00,funsd,data\raw\public\funsd\__MACOSX\dataset\training_data\annotations\._0001485288.json,validate,invalid_json,invalid_json: 'utf-8' codec can't decode byte 0xa3 in position 37: invalid start byte; OS junk,recorded
2026-07-13T08:08:22.959796+00:00,funsd,data\raw\public\funsd\__MACOSX\dataset\training_data\annotations\._00040534.json,validate,invalid_json,invalid_json: 'utf-8' codec can't decode byte 0xdb in position 37: invalid continuation byte; OS junk,recorded
2026-07-13T08:08:22.959800+00:00,funsd,data\raw\public\funsd\__MACOSX\dataset\training_data\annotations\._00070353.json,validate,invalid_json,invalid_json: 'utf-8' codec can't decode byte 0xa3 in position 37: invalid start byte; OS junk,recorded
2026-07-13T08:08:22.959805+00:00,funsd,data\raw\public\funsd\__MACOSX\dataset\training_data\annotations\._00093726.json,validate,invalid_json,invalid_json: 'utf-8' codec can't decode byte 0xa3 in position 37: invalid start byte; OS junk,recorded
2026-07-13T08:08:22.959809+00:00,funsd,data\raw\public\funsd\__MACOSX\dataset\training_data\annotations\._0011505151.json,validate,invalid_json,invalid_json: 'utf-8' codec can't decode byte 0xa3 in position 37: invalid start byte; OS junk,recorded
2026-07-13T08:08:22.959813+00:00,funsd,data\raw\public\funsd\__MACOSX\dataset\training_data\annotations\._0011838621.json,validate,invalid_json,invalid_json: 'utf-8' codec can't decode byte 0xa3 in position 37: invalid start byte; OS junk,recorded
2026-07-13T08:08:22.959817+00:00,funsd,data\raw\public\funsd\__MACOSX\dataset\training_data\annotations\._0011845203.json,validate,invalid_json,invalid_json: 'utf-8' codec can't decode byte 0xa3 in position 37: invalid start byte; OS junk,recorded
2026-07-13T08:08:22.959821+00:00,funsd,data\raw\public\funsd\__MACOSX\dataset\training_data\annotations\._0011856542.json,validate,invalid_json,invalid_json: 'utf-8' codec can't decode byte 0xa3 in position 37: invalid start byte; OS junk,recorded
2026-07-13T08:08:22.959826+00:00,funsd,data\raw\public\funsd\__MACOSX\dataset\training_data\annotations\._0011859695.json,validate,invalid_json,invalid_json: 'utf-8' codec can't decode byte 0xa3 in position 37: invalid start byte; OS junk,recorded
2026-07-13T08:08:22.959830+00:00,funsd,data\raw\public\funsd\__MACOSX\dataset\training_data\annotations\._0011899960.json,validate,invalid_json,invalid_json: 'utf-8' codec can't decode byte 0xa3 in position 37: invalid start byte; OS junk,recorded
2026-07-13T08:08:22.959834+00:00,funsd,data\raw\public\funsd\__MACOSX\dataset\training_data\annotations\._0011906503.json,validate,invalid_json,invalid_json: 'utf-8' codec can't decode byte 0xdb in position 37: invalid continuation byte; OS junk,recorded
2026-07-13T08:08:22.959838+00:00,funsd,data\raw\public\funsd\__MACOSX\dataset\training_data\annotations\._0011973451.json,validate,invalid_json,invalid_json: 'utf-8' codec can't decode byte 0xa3 in position 37: invalid start byte; OS junk,recorded
2026-07-13T08:08:22.959842+00:00,funsd,data\raw\public\funsd\__MACOSX\dataset\training_data\annotations\._0011974919.json,validate,invalid_json,invalid_json: 'utf-8' codec can't decode byte 0xa3 in position 37: invalid start byte; OS junk,recorded
2026-07-13T08:08:22.959846+00:00,funsd,data\raw\public\funsd\__MACOSX\dataset\training_data\annotations\._0011976929.json,validate,invalid_json,invalid_json: 'utf-8' codec can't decode byte 0xa3 in position 37: invalid start byte; OS junk,recorded
2026-07-13T08:08:22.959852+00:00,funsd,data\raw\public\funsd\__MACOSX\dataset\training_data\annotations\._0012178355.json,validate,invalid_json,invalid_json: 'utf-8' codec can't decode byte 0xa3 in position 37: invalid start byte; OS junk,recorded
2026-07-13T08:08:22.959857+00:00,funsd,data\raw\public\funsd\__MACOSX\dataset\training_data\annotations\._0012199830.json,validate,invalid_json,invalid_json: 'utf-8' codec can't decode byte 0xa3 in position 37: invalid start byte; OS junk,recorded
2026-07-13T08:08:22.959862+00:00,funsd,data\raw\public\funsd\__MACOSX\dataset\training_data\annotations\._0012529284.json,validate,invalid_json,invalid_json: 'utf-8' codec can't decode byte 0xa3 in position 37: invalid start byte; OS junk,recorded
2026-07-13T08:08:22.959866+00:00,funsd,data\raw\public\funsd\__MACOSX\dataset\training_data\annotations\._0012529295.json,validate,invalid_json,invalid_json: 'utf-8' codec can't decode byte 0xa3 in position 37: invalid start byte; OS junk,recorded
2026-07-13T08:08:22.959871+00:00,funsd,data\raw\public\funsd\__MACOSX\dataset\training_data\annotations\._0012602424.json,validate,invalid_json,invalid_json: 'utf-8' codec can't decode byte 0xa3 in position 37: invalid start byte; OS junk,recorded
2026-07-13T08:08:22.959876+00:00,funsd,data\raw\public\funsd\__MACOSX\dataset\training_data\annotations\._0012947358.json,validate,invalid_json,invalid_json: 'utf-8' codec can't decode byte 0xa3 in position 37: invalid start byte; OS junk,recorded
2026-07-13T08:08:22.959880+00:00,funsd,data\raw\public\funsd\__MACOSX\dataset\training_data\annotations\._0013255595.json,validate,invalid_json,invalid_json: 'utf-8' codec can't decode byte 0xa3 in position 37: invalid start byte; OS junk,recorded
2026-07-13T08:08:22.959884+00:00,funsd,data\raw\public\funsd\__MACOSX\dataset\training_data\annotations\._00283813.json,validate,invalid_json,invalid_json: 'utf-8' codec can't decode byte 0xa3 in position 37: invalid start byte; OS junk,recorded
2026-07-13T08:08:22.959889+00:00,funsd,data\raw\public\funsd\__MACOSX\dataset\training_data\annotations\._0030031163.json,validate,invalid_json,invalid_json: 'utf-8' codec can't decode byte 0xa3 in position 37: invalid start byte; OS junk,recorded
2026-07-13T08:08:22.959893+00:00,funsd,data\raw\public\funsd\__MACOSX\dataset\training_data\annotations\._0030041455.json,validate,invalid_json,invalid_json: 'utf-8' codec can't decode byte 0xa3 in position 37: invalid start byte; OS junk,recorded
2026-07-13T08:08:22.959897+00:00,funsd,data\raw\public\funsd\__MACOSX\dataset\training_data\annotations\._0060000813.json,validate,invalid_json,invalid_json: 'utf-8' codec can't decode byte 0xa3 in position 37: invalid start byte; OS junk,recorded
2026-07-13T08:08:22.959902+00:00,funsd,data\raw\public\funsd\__MACOSX\dataset\training_data\annotations\._0060007216.json,validate,invalid_json,invalid_json: 'utf-8' codec can't decode byte 0xa3 in position 37: invalid start byte; OS junk,recorded
2026-07-13T08:08:22.959907+00:00,funsd,data\raw\public\funsd\__MACOSX\dataset\training_data\annotations\._0060024314.json,validate,invalid_json,invalid_json: 'utf-8' codec can't decode byte 0xa3 in position 37: invalid start byte; OS junk,recorded
2026-07-13T08:08:22.959911+00:00,funsd,data\raw\public\funsd\__MACOSX\dataset\training_data\annotations\._0060025670.json,validate,invalid_json,invalid_json: 'utf-8' codec can't decode byte 0xa3 in position 37: invalid start byte; OS junk,recorded
2026-07-13T08:08:22.959916+00:00,funsd,data\raw\public\funsd\__MACOSX\dataset\training_data\annotations\._0060029036.json,validate,invalid_json,invalid_json: 'utf-8' codec can't decode byte 0xa3 in position 37: invalid start byte; OS junk,recorded
2026-07-13T08:08:22.959920+00:00,funsd,data\raw\public\funsd\__MACOSX\dataset\training_data\annotations\._0060036622.json,validate,invalid_json,invalid_json: 'utf-8' codec can't decode byte 0xdb in position 37: invalid continuation byte; OS junk,recorded
2026-07-13T08:08:22.959924+00:00,funsd,data\raw\public\funsd\__MACOSX\dataset\training_data\annotations\._0060068489.json,validate,invalid_json,invalid_json: 'utf-8' codec can't decode byte 0xa3 in position 37: invalid start byte; OS junk,recorded
2026-07-13T08:08:22.959928+00:00,funsd,data\raw\public\funsd\__MACOSX\dataset\training_data\annotations\._0060077689.json,validate,invalid_json,invalid_json: 'utf-8' codec can't decode byte 0xa3 in position 37: invalid start byte; OS junk,recorded
2026-07-13T08:08:22.959933+00:00,funsd,data\raw\public\funsd\__MACOSX\dataset\training_data\annotations\._0060080406.json,validate,invalid_json,invalid_json: 'utf-8' codec can't decode byte 0xdb in position 37: invalid continuation byte; OS junk,recorded
2026-07-13T08:08:22.959937+00:00,funsd,data\raw\public\funsd\__MACOSX\dataset\training_data\annotations\._0060091229.json,validate,invalid_json,invalid_json: 'utf-8' codec can't decode byte 0xa3 in position 37: invalid start byte; OS junk,recorded
2026-07-13T08:08:22.959942+00:00,funsd,data\raw\public\funsd\__MACOSX\dataset\training_data\annotations\._0060094595.json,validate,invalid_json,invalid_json: 'utf-8' codec can't decode byte 0xa3 in position 37: invalid start byte; OS junk,recorded
2026-07-13T08:08:22.959947+00:00,funsd,data\raw\public\funsd\__MACOSX\dataset\training_data\annotations\._0060136394.json,validate,invalid_json,invalid_json: 'utf-8' codec can't decode byte 0xdb in position 37: invalid continuation byte; OS junk,recorded
2026-07-13T08:08:22.959951+00:00,funsd,data\raw\public\funsd\__MACOSX\dataset\training_data\annotations\._0060165115.json,validate,invalid_json,invalid_json: 'utf-8' codec can't decode byte 0xa3 in position 37: invalid start byte; OS junk,recorded
2026-07-13T08:08:22.959955+00:00,funsd,data\raw\public\funsd\__MACOSX\dataset\training_data\annotations\._0060173256.json,validate,invalid_json,invalid_json: 'utf-8' codec can't decode byte 0xa3 in position 37: invalid start byte; OS junk,recorded
2026-07-13T08:08:22.959960+00:00,funsd,data\raw\public\funsd\__MACOSX\dataset\training_data\annotations\._0060207528.json,validate,invalid_json,invalid_json: 'utf-8' codec can't decode byte 0xa3 in position 37: invalid start byte; OS junk,recorded
2026-07-13T08:08:22.959965+00:00,funsd,data\raw\public\funsd\__MACOSX\dataset\training_data\annotations\._0060214859.json,validate,invalid_json,invalid_json: 'utf-8' codec can't decode byte 0xa3 in position 37: invalid start byte; OS junk,recorded
2026-07-13T08:08:22.959969+00:00,funsd,data\raw\public\funsd\__MACOSX\dataset\training_data\annotations\._0060255888.json,validate,invalid_json,invalid_json: 'utf-8' codec can't decode byte 0xa3 in position 37: invalid start byte; OS junk,recorded
2026-07-13T08:08:22.959973+00:00,funsd,data\raw\public\funsd\__MACOSX\dataset\training_data\annotations\._0060262650.json,validate,invalid_json,invalid_json: 'utf-8' codec can't decode byte 0xdb in position 37: invalid continuation byte; OS junk,recorded
2026-07-13T08:08:22.959978+00:00,funsd,data\raw\public\funsd\__MACOSX\dataset\training_data\annotations\._0060270727.json,validate,invalid_json,invalid_json: 'utf-8' codec can't decode byte 0xa3 in position 37: invalid start byte; OS junk,recorded
2026-07-13T08:08:22.959982+00:00,funsd,data\raw\public\funsd\__MACOSX\dataset\training_data\annotations\._0060302201.json,validate,invalid_json,invalid_json: 'utf-8' codec can't decode byte 0xa3 in position 37: invalid start byte; OS junk,recorded
2026-07-13T08:08:22.959986+00:00,funsd,data\raw\public\funsd\__MACOSX\dataset\training_data\annotations\._0060308251.json,validate,invalid_json,invalid_json: 'utf-8' codec can't decode byte 0xdb in position 37: invalid continuation byte; OS junk,recorded
2026-07-13T08:08:22.959990+00:00,funsd,data\raw\public\funsd\__MACOSX\dataset\training_data\annotations\._0060308461.json,validate,invalid_json,invalid_json: 'utf-8' codec can't decode byte 0xdb in position 37: invalid continuation byte; OS junk,recorded
2026-07-13T08:08:22.959994+00:00,funsd,data\raw\public\funsd\__MACOSX\dataset\training_data\annotations\._0071032790.json,validate,invalid_json,invalid_json: 'utf-8' codec can't decode byte 0xdb in position 37: invalid continuation byte; OS junk,recorded
2026-07-13T08:08:22.959998+00:00,funsd,data\raw\public\funsd\__MACOSX\dataset\training_data\annotations\._0071032807.json,validate,invalid_json,invalid_json: 'utf-8' codec can't decode byte 0xa3 in position 37: invalid start byte; OS junk,recorded
2026-07-13T08:08:22.960002+00:00,funsd,data\raw\public\funsd\__MACOSX\dataset\training_data\annotations\._00836244.json,validate,invalid_json,invalid_json: 'utf-8' codec can't decode byte 0xa3 in position 37: invalid start byte; OS junk,recorded
2026-07-13T08:08:22.960007+00:00,funsd,data\raw\public\funsd\__MACOSX\dataset\training_data\annotations\._00836816.json,validate,invalid_json,invalid_json: 'utf-8' codec can't decode byte 0xa3 in position 37: invalid start byte; OS junk,recorded
2026-07-13T08:08:22.960012+00:00,funsd,data\raw\public\funsd\__MACOSX\dataset\training_data\annotations\._00837285.json,validate,invalid_json,invalid_json: 'utf-8' codec can't decode byte 0xa3 in position 37: invalid start byte; OS junk,recorded
2026-07-13T08:08:22.960016+00:00,funsd,data\raw\public\funsd\__MACOSX\dataset\training_data\annotations\._00838511_00838525.json,validate,invalid_json,invalid_json: 'utf-8' codec can't decode byte 0xa3 in position 37: invalid start byte; OS junk,recorded
2026-07-13T08:08:22.960021+00:00,funsd,data\raw\public\funsd\__MACOSX\dataset\training_data\annotations\._00851772_1780.json,validate,invalid_json,invalid_json: 'utf-8' codec can't decode byte 0xa3 in position 37: invalid start byte; OS junk,recorded
2026-07-13T08:08:22.960025+00:00,funsd,data\raw\public\funsd\__MACOSX\dataset\training_data\annotations\._00851879.json,validate,invalid_json,invalid_json: 'utf-8' codec can't decode byte 0xa3 in position 37: invalid start byte; OS junk,recorded
2026-07-13T08:08:22.960029+00:00,funsd,data\raw\public\funsd\__MACOSX\dataset\training_data\annotations\._00860012_00860014.json,validate,invalid_json,invalid_json: 'utf-8' codec can't decode byte 0xa3 in position 37: invalid start byte; OS junk,recorded
2026-07-13T08:08:22.960034+00:00,funsd,data\raw\public\funsd\__MACOSX\dataset\training_data\annotations\._00865872.json,validate,invalid_json,invalid_json: 'utf-8' codec can't decode byte 0xa3 in position 37: invalid start byte; OS junk,recorded
2026-07-13T08:08:22.960038+00:00,funsd,data\raw\public\funsd\__MACOSX\dataset\training_data\annotations\._00866042.json,validate,invalid_json,invalid_json: 'utf-8' codec can't decode byte 0xa3 in position 37: invalid start byte; OS junk,recorded
2026-07-13T08:08:22.960043+00:00,funsd,data\raw\public\funsd\__MACOSX\dataset\training_data\annotations\._00920222.json,validate,invalid_json,invalid_json: 'utf-8' codec can't decode byte 0xa3 in position 37: invalid start byte; OS junk,recorded
2026-07-13T08:08:22.960049+00:00,funsd,data\raw\public\funsd\__MACOSX\dataset\training_data\annotations\._00920294.json,validate,invalid_json,invalid_json: 'utf-8' codec can't decode byte 0xa3 in position 37: invalid start byte; OS junk,recorded
2026-07-13T08:08:22.960054+00:00,funsd,data\raw\public\funsd\__MACOSX\dataset\training_data\annotations\._00922237.json,validate,invalid_json,invalid_json: 'utf-8' codec can't decode byte 0xdb in position 37: invalid continuation byte; OS junk,recorded
2026-07-13T08:08:22.960058+00:00,funsd,data\raw\public\funsd\__MACOSX\dataset\training_data\annotations\._01073843.json,validate,invalid_json,invalid_json: 'utf-8' codec can't decode byte 0xa3 in position 37: invalid start byte; OS junk,recorded
2026-07-13T08:08:22.960062+00:00,funsd,data\raw\public\funsd\__MACOSX\dataset\training_data\annotations\._01122115.json,validate,invalid_json,invalid_json: 'utf-8' codec can't decode byte 0xa3 in position 37: invalid start byte; OS junk,recorded
2026-07-13T08:08:22.960066+00:00,funsd,data\raw\public\funsd\__MACOSX\dataset\training_data\annotations\._01150773_01150774.json,validate,invalid_json,invalid_json: 'utf-8' codec can't decode byte 0xa3 in position 37: invalid start byte; OS junk,recorded
2026-07-13T08:08:22.960072+00:00,funsd,data\raw\public\funsd\__MACOSX\dataset\training_data\annotations\._01191071_1072.json,validate,invalid_json,invalid_json: 'utf-8' codec can't decode byte 0xa3 in position 37: invalid start byte; OS junk,recorded
2026-07-13T08:08:22.960076+00:00,funsd,data\raw\public\funsd\__MACOSX\dataset\training_data\annotations\._01197604.json,validate,invalid_json,invalid_json: 'utf-8' codec can't decode byte 0xa3 in position 37: invalid start byte; OS junk,recorded
2026-07-13T08:08:22.960081+00:00,funsd,data\raw\public\funsd\__MACOSX\dataset\training_data\annotations\._01408099_01408101.json,validate,invalid_json,invalid_json: 'utf-8' codec can't decode byte 0xa3 in position 37: invalid start byte; OS junk,recorded
2026-07-13T08:08:22.960085+00:00,funsd,data\raw\public\funsd\__MACOSX\dataset\training_data\annotations\._11508234.json,validate,invalid_json,invalid_json: 'utf-8' codec can't decode byte 0xa3 in position 37: invalid start byte; OS junk,recorded
2026-07-13T08:08:22.960089+00:00,funsd,data\raw\public\funsd\__MACOSX\dataset\training_data\annotations\._11875011.json,validate,invalid_json,invalid_json: 'utf-8' codec can't decode byte 0xa3 in position 37: invalid start byte; OS junk,recorded
2026-07-13T08:08:22.960093+00:00,funsd,data\raw\public\funsd\__MACOSX\dataset\training_data\annotations\._12052385.json,validate,invalid_json,invalid_json: 'utf-8' codec can't decode byte 0xa3 in position 37: invalid start byte; OS junk,recorded
2026-07-13T08:08:22.960097+00:00,funsd,data\raw\public\funsd\__MACOSX\dataset\training_data\annotations\._12603270.json,validate,invalid_json,invalid_json: 'utf-8' codec can't decode byte 0xa3 in position 37: invalid start byte; OS junk,recorded
2026-07-13T08:08:22.960101+00:00,funsd,data\raw\public\funsd\__MACOSX\dataset\training_data\annotations\._12825369.json,validate,invalid_json,invalid_json: 'utf-8' codec can't decode byte 0xa3 in position 37: invalid start byte; OS junk,recorded
2026-07-13T08:08:22.960105+00:00,funsd,data\raw\public\funsd\__MACOSX\dataset\training_data\annotations\._13149651.json,validate,invalid_json,invalid_json: 'utf-8' codec can't decode byte 0xa3 in position 37: invalid start byte; OS junk,recorded
2026-07-13T08:08:22.960110+00:00,funsd,data\raw\public\funsd\__MACOSX\dataset\training_data\annotations\._660978.json,validate,invalid_json,invalid_json: 'utf-8' codec can't decode byte 0xdb in position 37: invalid continuation byte; OS junk,recorded
2026-07-13T08:08:22.960114+00:00,funsd,data\raw\public\funsd\__MACOSX\dataset\training_data\annotations\._71108371.json,validate,invalid_json,invalid_json: 'utf-8' codec can't decode byte 0xdb in position 37: invalid continuation byte; OS junk,recorded
2026-07-13T08:08:22.960118+00:00,funsd,data\raw\public\funsd\__MACOSX\dataset\training_data\annotations\._71190280.json,validate,invalid_json,invalid_json: 'utf-8' codec can't decode byte 0xa3 in position 37: invalid start byte; OS junk,recorded
2026-07-13T08:08:22.960123+00:00,funsd,data\raw\public\funsd\__MACOSX\dataset\training_data\annotations\._71202511.json,validate,invalid_json,invalid_json: 'utf-8' codec can't decode byte 0xa3 in position 37: invalid start byte; OS junk,recorded
2026-07-13T08:08:22.960127+00:00,funsd,data\raw\public\funsd\__MACOSX\dataset\training_data\annotations\._71206427.json,validate,invalid_json,invalid_json: 'utf-8' codec can't decode byte 0xa3 in position 37: invalid start byte; OS junk,recorded
2026-07-13T08:08:22.960132+00:00,funsd,data\raw\public\funsd\__MACOSX\dataset\training_data\annotations\._71341634.json,validate,invalid_json,invalid_json: 'utf-8' codec can't decode byte 0xa3 in position 37: invalid start byte; OS junk,recorded
2026-07-13T08:08:22.960137+00:00,funsd,data\raw\public\funsd\__MACOSX\dataset\training_data\annotations\._71366499.json,validate,invalid_json,invalid_json: 'utf-8' codec can't decode byte 0xa3 in position 37: invalid start byte; OS junk,recorded
2026-07-13T08:08:22.960141+00:00,funsd,data\raw\public\funsd\__MACOSX\dataset\training_data\annotations\._71563825.json,validate,invalid_json,invalid_json: 'utf-8' codec can't decode byte 0xa3 in position 37: invalid start byte; OS junk,recorded
2026-07-13T08:08:22.960145+00:00,funsd,data\raw\public\funsd\__MACOSX\dataset\training_data\annotations\._71601299.json,validate,invalid_json,invalid_json: 'utf-8' codec can't decode byte 0xa3 in position 37: invalid start byte; OS junk,recorded
2026-07-13T08:08:22.960150+00:00,funsd,data\raw\public\funsd\__MACOSX\dataset\training_data\annotations\._716552.json,validate,invalid_json,invalid_json: 'utf-8' codec can't decode byte 0xdb in position 37: invalid continuation byte; OS junk,recorded
2026-07-13T08:08:22.960154+00:00,funsd,data\raw\public\funsd\__MACOSX\dataset\training_data\annotations\._80310840a.json,validate,invalid_json,invalid_json: 'utf-8' codec can't decode byte 0xa3 in position 37: invalid start byte; OS junk,recorded
2026-07-13T08:08:22.960158+00:00,funsd,data\raw\public\funsd\__MACOSX\dataset\training_data\annotations\._80707440_7443.json,validate,invalid_json,invalid_json: 'utf-8' codec can't decode byte 0xa3 in position 37: invalid start byte; OS junk,recorded
2026-07-13T08:08:22.960163+00:00,funsd,data\raw\public\funsd\__MACOSX\dataset\training_data\annotations\._80718412_8413.json,validate,invalid_json,invalid_json: 'utf-8' codec can't decode byte 0xa3 in position 37: invalid start byte; OS junk,recorded
2026-07-13T08:08:22.960167+00:00,funsd,data\raw\public\funsd\__MACOSX\dataset\training_data\annotations\._80728670.json,validate,invalid_json,invalid_json: 'utf-8' codec can't decode byte 0xa3 in position 37: invalid start byte; OS junk,recorded
2026-07-13T08:08:22.960173+00:00,funsd,data\raw\public\funsd\__MACOSX\dataset\training_data\annotations\._81186212.json,validate,invalid_json,invalid_json: 'utf-8' codec can't decode byte 0xa3 in position 37: invalid start byte; OS junk,recorded
2026-07-13T08:08:22.960177+00:00,funsd,data\raw\public\funsd\__MACOSX\dataset\training_data\annotations\._81310636.json,validate,invalid_json,invalid_json: 'utf-8' codec can't decode byte 0xa3 in position 37: invalid start byte; OS junk,recorded
2026-07-13T08:08:22.960182+00:00,funsd,data\raw\public\funsd\__MACOSX\dataset\training_data\annotations\._81574683.json,validate,invalid_json,invalid_json: 'utf-8' codec can't decode byte 0xa3 in position 37: invalid start byte; OS junk,recorded
2026-07-13T08:08:22.960186+00:00,funsd,data\raw\public\funsd\__MACOSX\dataset\training_data\annotations\._81619486_9488.json,validate,invalid_json,invalid_json: 'utf-8' codec can't decode byte 0xdb in position 37: invalid continuation byte; OS junk,recorded
2026-07-13T08:08:22.960191+00:00,funsd,data\raw\public\funsd\__MACOSX\dataset\training_data\annotations\._81619511_9513.json,validate,invalid_json,invalid_json: 'utf-8' codec can't decode byte 0xa3 in position 37: invalid start byte; OS junk,recorded
2026-07-13T08:08:22.960195+00:00,funsd,data\raw\public\funsd\__MACOSX\dataset\training_data\annotations\._81749056_9057.json,validate,invalid_json,invalid_json: 'utf-8' codec can't decode byte 0xa3 in position 37: invalid start byte; OS junk,recorded
2026-07-13T08:08:22.960199+00:00,funsd,data\raw\public\funsd\__MACOSX\dataset\training_data\annotations\._82254638.json,validate,invalid_json,invalid_json: 'utf-8' codec can't decode byte 0xdb in position 37: invalid continuation byte; OS junk,recorded
2026-07-13T08:08:22.960203+00:00,funsd,data\raw\public\funsd\__MACOSX\dataset\training_data\annotations\._87533049.json,validate,invalid_json,invalid_json: 'utf-8' codec can't decode byte 0xa3 in position 37: invalid start byte; OS junk,recorded
2026-07-13T08:08:22.960209+00:00,funsd,data\raw\public\funsd\__MACOSX\dataset\training_data\annotations\._87672097.json,validate,invalid_json,invalid_json: 'utf-8' codec can't decode byte 0xa3 in position 37: invalid start byte; OS junk,recorded
2026-07-13T08:08:22.960213+00:00,funsd,data\raw\public\funsd\__MACOSX\dataset\training_data\annotations\._87682908.json,validate,invalid_json,invalid_json: 'utf-8' codec can't decode byte 0xdb in position 37: invalid continuation byte; OS junk,recorded
2026-07-13T08:08:22.960217+00:00,funsd,data\raw\public\funsd\__MACOSX\dataset\training_data\annotations\._88057519.json,validate,invalid_json,invalid_json: 'utf-8' codec can't decode byte 0xdb in position 37: invalid continuation byte; OS junk,recorded
2026-07-13T08:08:22.960223+00:00,funsd,data\raw\public\funsd\__MACOSX\dataset\training_data\annotations\._88547278_88547279.json,validate,invalid_json,invalid_json: 'utf-8' codec can't decode byte 0xa3 in position 37: invalid start byte; OS junk,recorded
2026-07-13T08:08:22.960227+00:00,funsd,data\raw\public\funsd\__MACOSX\dataset\training_data\annotations\._89368010.json,validate,invalid_json,invalid_json: 'utf-8' codec can't decode byte 0xa3 in position 37: invalid start byte; OS junk,recorded
2026-07-13T08:08:22.960232+00:00,funsd,data\raw\public\funsd\__MACOSX\dataset\training_data\annotations\._89386032.json,validate,invalid_json,invalid_json: 'utf-8' codec can't decode byte 0xa3 in position 37: invalid start byte; OS junk,recorded
2026-07-13T08:08:22.960236+00:00,funsd,data\raw\public\funsd\__MACOSX\dataset\training_data\annotations\._89817999_8002.json,validate,invalid_json,invalid_json: 'utf-8' codec can't decode byte 0xdb in position 37: invalid continuation byte; OS junk,recorded
2026-07-13T08:08:22.960240+00:00,funsd,data\raw\public\funsd\__MACOSX\dataset\training_data\annotations\._89867723.json,validate,invalid_json,invalid_json: 'utf-8' codec can't decode byte 0xdb in position 37: invalid continuation byte; OS junk,recorded
2026-07-13T08:08:22.960244+00:00,funsd,data\raw\public\funsd\__MACOSX\dataset\training_data\annotations\._91104867.json,validate,invalid_json,invalid_json: 'utf-8' codec can't decode byte 0xdb in position 37: invalid continuation byte; OS junk,recorded
2026-07-13T08:08:22.960249+00:00,funsd,data\raw\public\funsd\__MACOSX\dataset\training_data\annotations\._91161344_91161347.json,validate,invalid_json,invalid_json: 'utf-8' codec can't decode byte 0xa3 in position 37: invalid start byte; OS junk,recorded
2026-07-13T08:08:22.960253+00:00,funsd,data\raw\public\funsd\__MACOSX\dataset\training_data\annotations\._91315069_91315070.json,validate,invalid_json,invalid_json: 'utf-8' codec can't decode byte 0xa3 in position 37: invalid start byte; OS junk,recorded
2026-07-13T08:08:22.960257+00:00,funsd,data\raw\public\funsd\__MACOSX\dataset\training_data\annotations\._91355841.json,validate,invalid_json,invalid_json: 'utf-8' codec can't decode byte 0xa3 in position 37: invalid start byte; OS junk,recorded
2026-07-13T08:08:22.960262+00:00,funsd,data\raw\public\funsd\__MACOSX\dataset\training_data\annotations\._91356315.json,validate,invalid_json,invalid_json: 'utf-8' codec can't decode byte 0xa3 in position 37: invalid start byte; OS junk,recorded
2026-07-13T08:08:22.960266+00:00,funsd,data\raw\public\funsd\__MACOSX\dataset\training_data\annotations\._91361993.json,validate,invalid_json,invalid_json: 'utf-8' codec can't decode byte 0xa3 in position 37: invalid start byte; OS junk,recorded
2026-07-13T08:08:22.960271+00:00,funsd,data\raw\public\funsd\__MACOSX\dataset\training_data\annotations\._91372360.json,validate,invalid_json,invalid_json: 'utf-8' codec can't decode byte 0xa3 in position 37: invalid start byte; OS junk,recorded
2026-07-13T08:08:22.960275+00:00,funsd,data\raw\public\funsd\__MACOSX\dataset\training_data\annotations\._91391286.json,validate,invalid_json,invalid_json: 'utf-8' codec can't decode byte 0xdb in position 37: invalid continuation byte; OS junk,recorded
2026-07-13T08:08:22.960279+00:00,funsd,data\raw\public\funsd\__MACOSX\dataset\training_data\annotations\._91391310.json,validate,invalid_json,invalid_json: 'utf-8' codec can't decode byte 0xa3 in position 37: invalid start byte; OS junk,recorded
2026-07-13T08:08:22.960283+00:00,funsd,data\raw\public\funsd\__MACOSX\dataset\training_data\annotations\._91581919.json,validate,invalid_json,invalid_json: 'utf-8' codec can't decode byte 0xa3 in position 37: invalid start byte; OS junk,recorded
2026-07-13T08:08:22.960287+00:00,funsd,data\raw\public\funsd\__MACOSX\dataset\training_data\annotations\._91856041_6049.json,validate,invalid_json,invalid_json: 'utf-8' codec can't decode byte 0xa3 in position 37: invalid start byte; OS junk,recorded
2026-07-13T08:08:22.960292+00:00,funsd,data\raw\public\funsd\__MACOSX\dataset\training_data\annotations\._91903177.json,validate,invalid_json,invalid_json: 'utf-8' codec can't decode byte 0xa3 in position 37: invalid start byte; OS junk,recorded
2026-07-13T08:08:22.960296+00:00,funsd,data\raw\public\funsd\__MACOSX\dataset\training_data\annotations\._91914407.json,validate,invalid_json,invalid_json: 'utf-8' codec can't decode byte 0xa3 in position 37: invalid start byte; OS junk,recorded
2026-07-13T08:08:22.960301+00:00,funsd,data\raw\public\funsd\__MACOSX\dataset\training_data\annotations\._91939637.json,validate,invalid_json,invalid_json: 'utf-8' codec can't decode byte 0xa3 in position 37: invalid start byte; OS junk,recorded
2026-07-13T08:08:22.960305+00:00,funsd,data\raw\public\funsd\__MACOSX\dataset\training_data\annotations\._91974562.json,validate,invalid_json,invalid_json: 'utf-8' codec can't decode byte 0xa3 in position 37: invalid start byte; OS junk,recorded
2026-07-13T08:08:22.960311+00:00,funsd,data\raw\public\funsd\__MACOSX\dataset\training_data\annotations\._92039708_9710.json,validate,invalid_json,invalid_json: 'utf-8' codec can't decode byte 0xa3 in position 37: invalid start byte; OS junk,recorded
2026-07-13T08:08:22.960316+00:00,funsd,data\raw\public\funsd\__MACOSX\dataset\training_data\annotations\._92081358_1359.json,validate,invalid_json,invalid_json: 'utf-8' codec can't decode byte 0xa3 in position 37: invalid start byte; OS junk,recorded
2026-07-13T08:08:22.960321+00:00,funsd,data\raw\public\funsd\__MACOSX\dataset\training_data\annotations\._92091873.json,validate,invalid_json,invalid_json: 'utf-8' codec can't decode byte 0xdb in position 37: invalid continuation byte; OS junk,recorded
2026-07-13T08:08:22.960325+00:00,funsd,data\raw\public\funsd\__MACOSX\dataset\training_data\annotations\._92094746.json,validate,invalid_json,invalid_json: 'utf-8' codec can't decode byte 0xdb in position 37: invalid continuation byte; OS junk,recorded
2026-07-13T08:08:22.960329+00:00,funsd,data\raw\public\funsd\__MACOSX\dataset\training_data\annotations\._92094751.json,validate,invalid_json,invalid_json: 'utf-8' codec can't decode byte 0xa3 in position 37: invalid start byte; OS junk,recorded
2026-07-13T08:08:22.960334+00:00,funsd,data\raw\public\funsd\__MACOSX\dataset\training_data\annotations\._92298125.json,validate,invalid_json,invalid_json: 'utf-8' codec can't decode byte 0xdb in position 37: invalid continuation byte; OS junk,recorded
2026-07-13T08:08:22.960338+00:00,funsd,data\raw\public\funsd\__MACOSX\dataset\training_data\annotations\._92314414.json,validate,invalid_json,invalid_json: 'utf-8' codec can't decode byte 0xdb in position 37: invalid continuation byte; OS junk,recorded
2026-07-13T08:08:22.960342+00:00,funsd,data\raw\public\funsd\__MACOSX\dataset\training_data\annotations\._92327794.json,validate,invalid_json,invalid_json: 'utf-8' codec can't decode byte 0xa3 in position 37: invalid start byte; OS junk,recorded
2026-07-13T08:08:22.960346+00:00,funsd,data\raw\public\funsd\__MACOSX\dataset\training_data\annotations\._92433599_92433601.json,validate,invalid_json,invalid_json: 'utf-8' codec can't decode byte 0xa3 in position 37: invalid start byte; OS junk,recorded
2026-07-13T08:08:22.960350+00:00,funsd,data\raw\public\funsd\__MACOSX\dataset\training_data\annotations\._92586242.json,validate,invalid_json,invalid_json: 'utf-8' codec can't decode byte 0xa3 in position 37: invalid start byte; OS junk,recorded
2026-07-13T08:08:22.960356+00:00,funsd,data\raw\public\funsd\__MACOSX\dataset\training_data\annotations\._92657311_7313.json,validate,invalid_json,invalid_json: 'utf-8' codec can't decode byte 0xa3 in position 37: invalid start byte; OS junk,recorded
2026-07-13T08:08:22.960360+00:00,funsd,data\raw\public\funsd\__MACOSX\dataset\training_data\annotations\._92657391.json,validate,invalid_json,invalid_json: 'utf-8' codec can't decode byte 0xa3 in position 37: invalid start byte; OS junk,recorded
2026-07-13T08:08:22.960364+00:00,funsd,data\raw\public\funsd\__MACOSX\dataset\training_data\annotations\._93213298.json,validate,invalid_json,invalid_json: 'utf-8' codec can't decode byte 0xa3 in position 37: invalid start byte; OS junk,recorded
2026-07-13T08:08:22.960369+00:00,funsd,data\raw\public\funsd\__MACOSX\dataset\training_data\annotations\._93329540.json,validate,invalid_json,invalid_json: 'utf-8' codec can't decode byte 0xa3 in position 37: invalid start byte; OS junk,recorded
2026-07-13T08:08:22.960373+00:00,funsd,data\raw\public\funsd\__MACOSX\dataset\training_data\annotations\._93351929_93351931.json,validate,invalid_json,invalid_json: 'utf-8' codec can't decode byte 0xa3 in position 37: invalid start byte; OS junk,recorded
2026-07-13T08:08:22.960377+00:00,funsd,data\raw\public\funsd\__MACOSX\dataset\training_data\annotations\._93380187.json,validate,invalid_json,invalid_json: 'utf-8' codec can't decode byte 0xa3 in position 37: invalid start byte; OS junk,recorded
2026-07-13T08:08:22.960381+00:00,funsd,data\raw\public\funsd\__MACOSX\dataset\training_data\annotations\._93455715.json,validate,invalid_json,invalid_json: 'utf-8' codec can't decode byte 0xa3 in position 37: invalid start byte; OS junk,recorded
2026-07-13T08:08:22.960386+00:00,funsd,data\raw\public\funsd\__MACOSX\dataset\training_data\images\._0000971160.png,validate,corrupted_image,corrupted or unreadable image; OS junk,recorded
2026-07-13T08:08:22.960398+00:00,funsd,data\raw\public\funsd\__MACOSX\dataset\training_data\images\._0000989556.png,validate,corrupted_image,corrupted or unreadable image; OS junk,recorded
2026-07-13T08:08:22.960404+00:00,funsd,data\raw\public\funsd\__MACOSX\dataset\training_data\images\._0000990274.png,validate,corrupted_image,corrupted or unreadable image; OS junk,recorded
2026-07-13T08:08:22.960408+00:00,funsd,data\raw\public\funsd\__MACOSX\dataset\training_data\images\._0000999294.png,validate,corrupted_image,corrupted or unreadable image; OS junk,recorded
2026-07-13T08:08:22.960413+00:00,funsd,data\raw\public\funsd\__MACOSX\dataset\training_data\images\._0001118259.png,validate,corrupted_image,corrupted or unreadable image; OS junk,recorded
2026-07-13T08:08:22.960418+00:00,funsd,data\raw\public\funsd\__MACOSX\dataset\training_data\images\._0001123541.png,validate,corrupted_image,corrupted or unreadable image; OS junk,recorded
2026-07-13T08:08:22.960422+00:00,funsd,data\raw\public\funsd\__MACOSX\dataset\training_data\images\._0001129658.png,validate,corrupted_image,corrupted or unreadable image; OS junk,recorded
2026-07-13T08:08:22.960427+00:00,funsd,data\raw\public\funsd\__MACOSX\dataset\training_data\images\._0001209043.png,validate,corrupted_image,corrupted or unreadable image; OS junk,recorded
2026-07-13T08:08:22.960431+00:00,funsd,data\raw\public\funsd\__MACOSX\dataset\training_data\images\._0001239897.png,validate,corrupted_image,corrupted or unreadable image; OS junk,recorded
2026-07-13T08:08:22.960436+00:00,funsd,data\raw\public\funsd\__MACOSX\dataset\training_data\images\._0001438955.png,validate,corrupted_image,corrupted or unreadable image; OS junk,recorded
2026-07-13T08:08:22.960440+00:00,funsd,data\raw\public\funsd\__MACOSX\dataset\training_data\images\._0001456787.png,validate,corrupted_image,corrupted or unreadable image; OS junk,recorded
2026-07-13T08:08:22.960444+00:00,funsd,data\raw\public\funsd\__MACOSX\dataset\training_data\images\._0001463282.png,validate,corrupted_image,corrupted or unreadable image; OS junk,recorded
2026-07-13T08:08:22.960448+00:00,funsd,data\raw\public\funsd\__MACOSX\dataset\training_data\images\._0001463448.png,validate,corrupted_image,corrupted or unreadable image; OS junk,recorded
2026-07-13T08:08:22.960453+00:00,funsd,data\raw\public\funsd\__MACOSX\dataset\training_data\images\._0001476912.png,validate,corrupted_image,corrupted or unreadable image; OS junk,recorded
2026-07-13T08:08:22.960458+00:00,funsd,data\raw\public\funsd\__MACOSX\dataset\training_data\images\._0001477983.png,validate,corrupted_image,corrupted or unreadable image; OS junk,recorded
2026-07-13T08:08:22.960462+00:00,funsd,data\raw\public\funsd\__MACOSX\dataset\training_data\images\._0001485288.png,validate,corrupted_image,corrupted or unreadable image; OS junk,recorded
2026-07-13T08:08:22.960466+00:00,funsd,data\raw\public\funsd\__MACOSX\dataset\training_data\images\._00040534.png,validate,corrupted_image,corrupted or unreadable image; OS junk,recorded
2026-07-13T08:08:22.960471+00:00,funsd,data\raw\public\funsd\__MACOSX\dataset\training_data\images\._00070353.png,validate,corrupted_image,corrupted or unreadable image; OS junk,recorded
2026-07-13T08:08:22.960475+00:00,funsd,data\raw\public\funsd\__MACOSX\dataset\training_data\images\._00093726.png,validate,corrupted_image,corrupted or unreadable image; OS junk,recorded
2026-07-13T08:08:22.960479+00:00,funsd,data\raw\public\funsd\__MACOSX\dataset\training_data\images\._0011505151.png,validate,corrupted_image,corrupted or unreadable image; OS junk,recorded
2026-07-13T08:08:22.960485+00:00,funsd,data\raw\public\funsd\__MACOSX\dataset\training_data\images\._0011838621.png,validate,corrupted_image,corrupted or unreadable image; OS junk,recorded
2026-07-13T08:08:22.960489+00:00,funsd,data\raw\public\funsd\__MACOSX\dataset\training_data\images\._0011845203.png,validate,corrupted_image,corrupted or unreadable image; OS junk,recorded
2026-07-13T08:08:22.960495+00:00,funsd,data\raw\public\funsd\__MACOSX\dataset\training_data\images\._0011856542.png,validate,corrupted_image,corrupted or unreadable image; OS junk,recorded
2026-07-13T08:08:22.960500+00:00,funsd,data\raw\public\funsd\__MACOSX\dataset\training_data\images\._0011859695.png,validate,corrupted_image,corrupted or unreadable image; OS junk,recorded
2026-07-13T08:08:22.960504+00:00,funsd,data\raw\public\funsd\__MACOSX\dataset\training_data\images\._0011899960.png,validate,corrupted_image,corrupted or unreadable image; OS junk,recorded
2026-07-13T08:08:22.960509+00:00,funsd,data\raw\public\funsd\__MACOSX\dataset\training_data\images\._0011906503.png,validate,corrupted_image,corrupted or unreadable image; OS junk,recorded
2026-07-13T08:08:22.960513+00:00,funsd,data\raw\public\funsd\__MACOSX\dataset\training_data\images\._0011973451.png,validate,corrupted_image,corrupted or unreadable image; OS junk,recorded
2026-07-13T08:08:22.960518+00:00,funsd,data\raw\public\funsd\__MACOSX\dataset\training_data\images\._0011974919.png,validate,corrupted_image,corrupted or unreadable image; OS junk,recorded
2026-07-13T08:08:22.960522+00:00,funsd,data\raw\public\funsd\__MACOSX\dataset\training_data\images\._0011976929.png,validate,corrupted_image,corrupted or unreadable image; OS junk,recorded
2026-07-13T08:08:22.960527+00:00,funsd,data\raw\public\funsd\__MACOSX\dataset\training_data\images\._0012178355.png,validate,corrupted_image,corrupted or unreadable image; OS junk,recorded
2026-07-13T08:08:22.960531+00:00,funsd,data\raw\public\funsd\__MACOSX\dataset\training_data\images\._0012199830.png,validate,corrupted_image,corrupted or unreadable image; OS junk,recorded
2026-07-13T08:08:22.960536+00:00,funsd,data\raw\public\funsd\__MACOSX\dataset\training_data\images\._0012529284.png,validate,corrupted_image,corrupted or unreadable image; OS junk,recorded
2026-07-13T08:08:22.960541+00:00,funsd,data\raw\public\funsd\__MACOSX\dataset\training_data\images\._0012529295.png,validate,corrupted_image,corrupted or unreadable image; OS junk,recorded
2026-07-13T08:08:22.960545+00:00,funsd,data\raw\public\funsd\__MACOSX\dataset\training_data\images\._0012602424.png,validate,corrupted_image,corrupted or unreadable image; OS junk,recorded
2026-07-13T08:08:22.960550+00:00,funsd,data\raw\public\funsd\__MACOSX\dataset\training_data\images\._0012947358.png,validate,corrupted_image,corrupted or unreadable image; OS junk,recorded
2026-07-13T08:08:22.960554+00:00,funsd,data\raw\public\funsd\__MACOSX\dataset\training_data\images\._0013255595.png,validate,corrupted_image,corrupted or unreadable image; OS junk,recorded
2026-07-13T08:08:22.960558+00:00,funsd,data\raw\public\funsd\__MACOSX\dataset\training_data\images\._00283813.png,validate,corrupted_image,corrupted or unreadable image; OS junk,recorded
2026-07-13T08:08:22.960563+00:00,funsd,data\raw\public\funsd\__MACOSX\dataset\training_data\images\._0030031163.png,validate,corrupted_image,corrupted or unreadable image; OS junk,recorded
2026-07-13T08:08:22.960567+00:00,funsd,data\raw\public\funsd\__MACOSX\dataset\training_data\images\._0030041455.png,validate,corrupted_image,corrupted or unreadable image; OS junk,recorded
2026-07-13T08:08:22.960572+00:00,funsd,data\raw\public\funsd\__MACOSX\dataset\training_data\images\._0060000813.png,validate,corrupted_image,corrupted or unreadable image; OS junk,recorded
2026-07-13T08:08:22.960576+00:00,funsd,data\raw\public\funsd\__MACOSX\dataset\training_data\images\._0060007216.png,validate,corrupted_image,corrupted or unreadable image; OS junk,recorded
2026-07-13T08:08:22.960582+00:00,funsd,data\raw\public\funsd\__MACOSX\dataset\training_data\images\._0060024314.png,validate,corrupted_image,corrupted or unreadable image; OS junk,recorded
2026-07-13T08:08:22.960586+00:00,funsd,data\raw\public\funsd\__MACOSX\dataset\training_data\images\._0060025670.png,validate,corrupted_image,corrupted or unreadable image; OS junk,recorded
2026-07-13T08:08:22.960590+00:00,funsd,data\raw\public\funsd\__MACOSX\dataset\training_data\images\._0060029036.png,validate,corrupted_image,corrupted or unreadable image; OS junk,recorded
2026-07-13T08:08:22.960595+00:00,funsd,data\raw\public\funsd\__MACOSX\dataset\training_data\images\._0060036622.png,validate,corrupted_image,corrupted or unreadable image; OS junk,recorded
2026-07-13T08:08:22.960599+00:00,funsd,data\raw\public\funsd\__MACOSX\dataset\training_data\images\._0060068489.png,validate,corrupted_image,corrupted or unreadable image; OS junk,recorded
2026-07-13T08:08:22.960604+00:00,funsd,data\raw\public\funsd\__MACOSX\dataset\training_data\images\._0060077689.png,validate,corrupted_image,corrupted or unreadable image; OS junk,recorded
2026-07-13T08:08:22.960608+00:00,funsd,data\raw\public\funsd\__MACOSX\dataset\training_data\images\._0060080406.png,validate,corrupted_image,corrupted or unreadable image; OS junk,recorded
2026-07-13T08:08:22.960612+00:00,funsd,data\raw\public\funsd\__MACOSX\dataset\training_data\images\._0060091229.png,validate,corrupted_image,corrupted or unreadable image; OS junk,recorded
2026-07-13T08:08:22.960617+00:00,funsd,data\raw\public\funsd\__MACOSX\dataset\training_data\images\._0060094595.png,validate,corrupted_image,corrupted or unreadable image; OS junk,recorded
2026-07-13T08:08:22.960621+00:00,funsd,data\raw\public\funsd\__MACOSX\dataset\training_data\images\._0060136394.png,validate,corrupted_image,corrupted or unreadable image; OS junk,recorded
2026-07-13T08:08:22.960625+00:00,funsd,data\raw\public\funsd\__MACOSX\dataset\training_data\images\._0060165115.png,validate,corrupted_image,corrupted or unreadable image; OS junk,recorded
2026-07-13T08:08:22.960630+00:00,funsd,data\raw\public\funsd\__MACOSX\dataset\training_data\images\._0060173256.png,validate,corrupted_image,corrupted or unreadable image; OS junk,recorded
2026-07-13T08:08:22.960635+00:00,funsd,data\raw\public\funsd\__MACOSX\dataset\training_data\images\._0060207528.png,validate,corrupted_image,corrupted or unreadable image; OS junk,recorded
2026-07-13T08:08:22.960639+00:00,funsd,data\raw\public\funsd\__MACOSX\dataset\training_data\images\._0060214859.png,validate,corrupted_image,corrupted or unreadable image; OS junk,recorded
2026-07-13T08:08:22.960643+00:00,funsd,data\raw\public\funsd\__MACOSX\dataset\training_data\images\._0060255888.png,validate,corrupted_image,corrupted or unreadable image; OS junk,recorded
2026-07-13T08:08:22.960648+00:00,funsd,data\raw\public\funsd\__MACOSX\dataset\training_data\images\._0060262650.png,validate,corrupted_image,corrupted or unreadable image; OS junk,recorded
2026-07-13T08:08:22.960652+00:00,funsd,data\raw\public\funsd\__MACOSX\dataset\training_data\images\._0060270727.png,validate,corrupted_image,corrupted or unreadable image; OS junk,recorded
2026-07-13T08:08:22.960661+00:00,funsd,data\raw\public\funsd\__MACOSX\dataset\training_data\images\._0060302201.png,validate,corrupted_image,corrupted or unreadable image; OS junk,recorded
2026-07-13T08:08:22.960665+00:00,funsd,data\raw\public\funsd\__MACOSX\dataset\training_data\images\._0060308251.png,validate,corrupted_image,corrupted or unreadable image; OS junk,recorded
2026-07-13T08:08:22.960671+00:00,funsd,data\raw\public\funsd\__MACOSX\dataset\training_data\images\._0060308461.png,validate,corrupted_image,corrupted or unreadable image; OS junk,recorded
2026-07-13T08:08:22.960676+00:00,funsd,data\raw\public\funsd\__MACOSX\dataset\training_data\images\._0071032790.png,validate,corrupted_image,corrupted or unreadable image; OS junk,recorded
2026-07-13T08:08:22.960680+00:00,funsd,data\raw\public\funsd\__MACOSX\dataset\training_data\images\._0071032807.png,validate,corrupted_image,corrupted or unreadable image; OS junk,recorded
2026-07-13T08:08:22.960685+00:00,funsd,data\raw\public\funsd\__MACOSX\dataset\training_data\images\._00836244.png,validate,corrupted_image,corrupted or unreadable image; OS junk,recorded
2026-07-13T08:08:22.960689+00:00,funsd,data\raw\public\funsd\__MACOSX\dataset\training_data\images\._00836816.png,validate,corrupted_image,corrupted or unreadable image; OS junk,recorded
2026-07-13T08:08:22.960693+00:00,funsd,data\raw\public\funsd\__MACOSX\dataset\training_data\images\._00837285.png,validate,corrupted_image,corrupted or unreadable image; OS junk,recorded
2026-07-13T08:08:22.960697+00:00,funsd,data\raw\public\funsd\__MACOSX\dataset\training_data\images\._00838511_00838525.png,validate,corrupted_image,corrupted or unreadable image; OS junk,recorded
2026-07-13T08:08:22.960702+00:00,funsd,data\raw\public\funsd\__MACOSX\dataset\training_data\images\._00851772_1780.png,validate,corrupted_image,corrupted or unreadable image; OS junk,recorded
2026-07-13T08:08:22.960706+00:00,funsd,data\raw\public\funsd\__MACOSX\dataset\training_data\images\._00851879.png,validate,corrupted_image,corrupted or unreadable image; OS junk,recorded
2026-07-13T08:08:22.960710+00:00,funsd,data\raw\public\funsd\__MACOSX\dataset\training_data\images\._00860012_00860014.png,validate,corrupted_image,corrupted or unreadable image; OS junk,recorded
2026-07-13T08:08:22.960715+00:00,funsd,data\raw\public\funsd\__MACOSX\dataset\training_data\images\._00865872.png,validate,corrupted_image,corrupted or unreadable image; OS junk,recorded
2026-07-13T08:08:22.960719+00:00,funsd,data\raw\public\funsd\__MACOSX\dataset\training_data\images\._00866042.png,validate,corrupted_image,corrupted or unreadable image; OS junk,recorded
2026-07-13T08:08:22.960724+00:00,funsd,data\raw\public\funsd\__MACOSX\dataset\training_data\images\._00920222.png,validate,corrupted_image,corrupted or unreadable image; OS junk,recorded
2026-07-13T08:08:22.960729+00:00,funsd,data\raw\public\funsd\__MACOSX\dataset\training_data\images\._00920294.png,validate,corrupted_image,corrupted or unreadable image; OS junk,recorded
2026-07-13T08:08:22.960733+00:00,funsd,data\raw\public\funsd\__MACOSX\dataset\training_data\images\._00922237.png,validate,corrupted_image,corrupted or unreadable image; OS junk,recorded
2026-07-13T08:08:22.960738+00:00,funsd,data\raw\public\funsd\__MACOSX\dataset\training_data\images\._01073843.png,validate,corrupted_image,corrupted or unreadable image; OS junk,recorded
2026-07-13T08:08:22.960742+00:00,funsd,data\raw\public\funsd\__MACOSX\dataset\training_data\images\._01122115.png,validate,corrupted_image,corrupted or unreadable image; OS junk,recorded
2026-07-13T08:08:22.960746+00:00,funsd,data\raw\public\funsd\__MACOSX\dataset\training_data\images\._01150773_01150774.png,validate,corrupted_image,corrupted or unreadable image; OS junk,recorded
2026-07-13T08:08:22.960750+00:00,funsd,data\raw\public\funsd\__MACOSX\dataset\training_data\images\._01191071_1072.png,validate,corrupted_image,corrupted or unreadable image; OS junk,recorded
2026-07-13T08:08:22.960755+00:00,funsd,data\raw\public\funsd\__MACOSX\dataset\training_data\images\._01197604.png,validate,corrupted_image,corrupted or unreadable image; OS junk,recorded
2026-07-13T08:08:22.960762+00:00,funsd,data\raw\public\funsd\__MACOSX\dataset\training_data\images\._01408099_01408101.png,validate,corrupted_image,corrupted or unreadable image; OS junk,recorded
2026-07-13T08:08:22.960766+00:00,funsd,data\raw\public\funsd\__MACOSX\dataset\training_data\images\._11508234.png,validate,corrupted_image,corrupted or unreadable image; OS junk,recorded
2026-07-13T08:08:22.960771+00:00,funsd,data\raw\public\funsd\__MACOSX\dataset\training_data\images\._11875011.png,validate,corrupted_image,corrupted or unreadable image; OS junk,recorded
2026-07-13T08:08:22.960776+00:00,funsd,data\raw\public\funsd\__MACOSX\dataset\training_data\images\._12052385.png,validate,corrupted_image,corrupted or unreadable image; OS junk,recorded
2026-07-13T08:08:22.960783+00:00,funsd,data\raw\public\funsd\__MACOSX\dataset\training_data\images\._12603270.png,validate,corrupted_image,corrupted or unreadable image; OS junk,recorded
2026-07-13T08:08:22.960787+00:00,funsd,data\raw\public\funsd\__MACOSX\dataset\training_data\images\._12825369.png,validate,corrupted_image,corrupted or unreadable image; OS junk,recorded
2026-07-13T08:08:22.960791+00:00,funsd,data\raw\public\funsd\__MACOSX\dataset\training_data\images\._13149651.png,validate,corrupted_image,corrupted or unreadable image; OS junk,recorded
2026-07-13T08:08:22.960796+00:00,funsd,data\raw\public\funsd\__MACOSX\dataset\training_data\images\._660978.png,validate,corrupted_image,corrupted or unreadable image; OS junk,recorded
2026-07-13T08:08:22.960800+00:00,funsd,data\raw\public\funsd\__MACOSX\dataset\training_data\images\._71108371.png,validate,corrupted_image,corrupted or unreadable image; OS junk,recorded
2026-07-13T08:08:22.960805+00:00,funsd,data\raw\public\funsd\__MACOSX\dataset\training_data\images\._71190280.png,validate,corrupted_image,corrupted or unreadable image; OS junk,recorded
2026-07-13T08:08:22.960809+00:00,funsd,data\raw\public\funsd\__MACOSX\dataset\training_data\images\._71202511.png,validate,corrupted_image,corrupted or unreadable image; OS junk,recorded
2026-07-13T08:08:22.960813+00:00,funsd,data\raw\public\funsd\__MACOSX\dataset\training_data\images\._71206427.png,validate,corrupted_image,corrupted or unreadable image; OS junk,recorded
2026-07-13T08:08:22.960818+00:00,funsd,data\raw\public\funsd\__MACOSX\dataset\training_data\images\._71341634.png,validate,corrupted_image,corrupted or unreadable image; OS junk,recorded
2026-07-13T08:08:22.960822+00:00,funsd,data\raw\public\funsd\__MACOSX\dataset\training_data\images\._71366499.png,validate,corrupted_image,corrupted or unreadable image; OS junk,recorded
2026-07-13T08:08:22.960826+00:00,funsd,data\raw\public\funsd\__MACOSX\dataset\training_data\images\._71563825.png,validate,corrupted_image,corrupted or unreadable image; OS junk,recorded
2026-07-13T08:08:22.960830+00:00,funsd,data\raw\public\funsd\__MACOSX\dataset\training_data\images\._71601299.png,validate,corrupted_image,corrupted or unreadable image; OS junk,recorded
2026-07-13T08:08:22.960835+00:00,funsd,data\raw\public\funsd\__MACOSX\dataset\training_data\images\._716552.png,validate,corrupted_image,corrupted or unreadable image; OS junk,recorded
2026-07-13T08:08:22.960839+00:00,funsd,data\raw\public\funsd\__MACOSX\dataset\training_data\images\._80310840a.png,validate,corrupted_image,corrupted or unreadable image; OS junk,recorded
2026-07-13T08:08:22.960844+00:00,funsd,data\raw\public\funsd\__MACOSX\dataset\training_data\images\._80707440_7443.png,validate,corrupted_image,corrupted or unreadable image; OS junk,recorded
2026-07-13T08:08:22.960848+00:00,funsd,data\raw\public\funsd\__MACOSX\dataset\training_data\images\._80718412_8413.png,validate,corrupted_image,corrupted or unreadable image; OS junk,recorded
2026-07-13T08:08:22.960853+00:00,funsd,data\raw\public\funsd\__MACOSX\dataset\training_data\images\._80728670.png,validate,corrupted_image,corrupted or unreadable image; OS junk,recorded
2026-07-13T08:08:22.960857+00:00,funsd,data\raw\public\funsd\__MACOSX\dataset\training_data\images\._81186212.png,validate,corrupted_image,corrupted or unreadable image; OS junk,recorded
2026-07-13T08:08:22.960862+00:00,funsd,data\raw\public\funsd\__MACOSX\dataset\training_data\images\._81310636.png,validate,corrupted_image,corrupted or unreadable image; OS junk,recorded
2026-07-13T08:08:22.960866+00:00,funsd,data\raw\public\funsd\__MACOSX\dataset\training_data\images\._81574683.png,validate,corrupted_image,corrupted or unreadable image; OS junk,recorded
2026-07-13T08:08:22.960871+00:00,funsd,data\raw\public\funsd\__MACOSX\dataset\training_data\images\._81619486_9488.png,validate,corrupted_image,corrupted or unreadable image; OS junk,recorded
2026-07-13T08:08:22.960876+00:00,funsd,data\raw\public\funsd\__MACOSX\dataset\training_data\images\._81619511_9513.png,validate,corrupted_image,corrupted or unreadable image; OS junk,recorded
2026-07-13T08:08:22.960880+00:00,funsd,data\raw\public\funsd\__MACOSX\dataset\training_data\images\._81749056_9057.png,validate,corrupted_image,corrupted or unreadable image; OS junk,recorded
2026-07-13T08:08:22.960884+00:00,funsd,data\raw\public\funsd\__MACOSX\dataset\training_data\images\._82254638.png,validate,corrupted_image,corrupted or unreadable image; OS junk,recorded
2026-07-13T08:08:22.960888+00:00,funsd,data\raw\public\funsd\__MACOSX\dataset\training_data\images\._87533049.png,validate,corrupted_image,corrupted or unreadable image; OS junk,recorded
2026-07-13T08:08:22.960893+00:00,funsd,data\raw\public\funsd\__MACOSX\dataset\training_data\images\._87672097.png,validate,corrupted_image,corrupted or unreadable image; OS junk,recorded
2026-07-13T08:08:22.960897+00:00,funsd,data\raw\public\funsd\__MACOSX\dataset\training_data\images\._87682908.png,validate,corrupted_image,corrupted or unreadable image; OS junk,recorded
2026-07-13T08:08:22.960901+00:00,funsd,data\raw\public\funsd\__MACOSX\dataset\training_data\images\._88057519.png,validate,corrupted_image,corrupted or unreadable image; OS junk,recorded
2026-07-13T08:08:22.960908+00:00,funsd,data\raw\public\funsd\__MACOSX\dataset\training_data\images\._88547278_88547279.png,validate,corrupted_image,corrupted or unreadable image; OS junk,recorded
2026-07-13T08:08:22.960912+00:00,funsd,data\raw\public\funsd\__MACOSX\dataset\training_data\images\._89368010.png,validate,corrupted_image,corrupted or unreadable image; OS junk,recorded
2026-07-13T08:08:22.960916+00:00,funsd,data\raw\public\funsd\__MACOSX\dataset\training_data\images\._89386032.png,validate,corrupted_image,corrupted or unreadable image; OS junk,recorded
2026-07-13T08:08:22.960922+00:00,funsd,data\raw\public\funsd\__MACOSX\dataset\training_data\images\._89817999_8002.png,validate,corrupted_image,corrupted or unreadable image; OS junk,recorded
2026-07-13T08:08:22.960926+00:00,funsd,data\raw\public\funsd\__MACOSX\dataset\training_data\images\._89867723.png,validate,corrupted_image,corrupted or unreadable image; OS junk,recorded
2026-07-13T08:08:22.960931+00:00,funsd,data\raw\public\funsd\__MACOSX\dataset\training_data\images\._91104867.png,validate,corrupted_image,corrupted or unreadable image; OS junk,recorded
2026-07-13T08:08:22.960935+00:00,funsd,data\raw\public\funsd\__MACOSX\dataset\training_data\images\._91161344_91161347.png,validate,corrupted_image,corrupted or unreadable image; OS junk,recorded
2026-07-13T08:08:22.960941+00:00,funsd,data\raw\public\funsd\__MACOSX\dataset\training_data\images\._91315069_91315070.png,validate,corrupted_image,corrupted or unreadable image; OS junk,recorded
2026-07-13T08:08:22.960946+00:00,funsd,data\raw\public\funsd\__MACOSX\dataset\training_data\images\._91355841.png,validate,corrupted_image,corrupted or unreadable image; OS junk,recorded
2026-07-13T08:08:22.960950+00:00,funsd,data\raw\public\funsd\__MACOSX\dataset\training_data\images\._91356315.png,validate,corrupted_image,corrupted or unreadable image; OS junk,recorded
2026-07-13T08:08:22.960954+00:00,funsd,data\raw\public\funsd\__MACOSX\dataset\training_data\images\._91361993.png,validate,corrupted_image,corrupted or unreadable image; OS junk,recorded
2026-07-13T08:08:22.960959+00:00,funsd,data\raw\public\funsd\__MACOSX\dataset\training_data\images\._91372360.png,validate,corrupted_image,corrupted or unreadable image; OS junk,recorded
2026-07-13T08:08:22.960963+00:00,funsd,data\raw\public\funsd\__MACOSX\dataset\training_data\images\._91391286.png,validate,corrupted_image,corrupted or unreadable image; OS junk,recorded
2026-07-13T08:08:22.960967+00:00,funsd,data\raw\public\funsd\__MACOSX\dataset\training_data\images\._91391310.png,validate,corrupted_image,corrupted or unreadable image; OS junk,recorded
2026-07-13T08:08:22.960972+00:00,funsd,data\raw\public\funsd\__MACOSX\dataset\training_data\images\._91581919.png,validate,corrupted_image,corrupted or unreadable image; OS junk,recorded
2026-07-13T08:08:22.960976+00:00,funsd,data\raw\public\funsd\__MACOSX\dataset\training_data\images\._91856041_6049.png,validate,corrupted_image,corrupted or unreadable image; OS junk,recorded
2026-07-13T08:08:22.960980+00:00,funsd,data\raw\public\funsd\__MACOSX\dataset\training_data\images\._91903177.png,validate,corrupted_image,corrupted or unreadable image; OS junk,recorded
2026-07-13T08:08:22.960985+00:00,funsd,data\raw\public\funsd\__MACOSX\dataset\training_data\images\._91914407.png,validate,corrupted_image,corrupted or unreadable image; OS junk,recorded
2026-07-13T08:08:22.960989+00:00,funsd,data\raw\public\funsd\__MACOSX\dataset\training_data\images\._91939637.png,validate,corrupted_image,corrupted or unreadable image; OS junk,recorded
2026-07-13T08:08:22.960993+00:00,funsd,data\raw\public\funsd\__MACOSX\dataset\training_data\images\._91974562.png,validate,corrupted_image,corrupted or unreadable image; OS junk,recorded
2026-07-13T08:08:22.960997+00:00,funsd,data\raw\public\funsd\__MACOSX\dataset\training_data\images\._92039708_9710.png,validate,corrupted_image,corrupted or unreadable image; OS junk,recorded
2026-07-13T08:08:22.961003+00:00,funsd,data\raw\public\funsd\__MACOSX\dataset\training_data\images\._92081358_1359.png,validate,corrupted_image,corrupted or unreadable image; OS junk,recorded
2026-07-13T08:08:22.961007+00:00,funsd,data\raw\public\funsd\__MACOSX\dataset\training_data\images\._92091873.png,validate,corrupted_image,corrupted or unreadable image; OS junk,recorded
2026-07-13T08:08:22.961011+00:00,funsd,data\raw\public\funsd\__MACOSX\dataset\training_data\images\._92094746.png,validate,corrupted_image,corrupted or unreadable image; OS junk,recorded
2026-07-13T08:08:22.961015+00:00,funsd,data\raw\public\funsd\__MACOSX\dataset\training_data\images\._92094751.png,validate,corrupted_image,corrupted or unreadable image; OS junk,recorded
2026-07-13T08:08:22.961020+00:00,funsd,data\raw\public\funsd\__MACOSX\dataset\training_data\images\._92298125.png,validate,corrupted_image,corrupted or unreadable image; OS junk,recorded
2026-07-13T08:08:22.961024+00:00,funsd,data\raw\public\funsd\__MACOSX\dataset\training_data\images\._92314414.png,validate,corrupted_image,corrupted or unreadable image; OS junk,recorded
2026-07-13T08:08:22.961030+00:00,funsd,data\raw\public\funsd\__MACOSX\dataset\training_data\images\._92327794.png,validate,corrupted_image,corrupted or unreadable image; OS junk,recorded
2026-07-13T08:08:22.961034+00:00,funsd,data\raw\public\funsd\__MACOSX\dataset\training_data\images\._92433599_92433601.png,validate,corrupted_image,corrupted or unreadable image; OS junk,recorded
2026-07-13T08:08:22.961039+00:00,funsd,data\raw\public\funsd\__MACOSX\dataset\training_data\images\._92586242.png,validate,corrupted_image,corrupted or unreadable image; OS junk,recorded
2026-07-13T08:08:22.961043+00:00,funsd,data\raw\public\funsd\__MACOSX\dataset\training_data\images\._92657311_7313.png,validate,corrupted_image,corrupted or unreadable image; OS junk,recorded
2026-07-13T08:08:22.961047+00:00,funsd,data\raw\public\funsd\__MACOSX\dataset\training_data\images\._92657391.png,validate,corrupted_image,corrupted or unreadable image; OS junk,recorded
2026-07-13T08:08:22.961052+00:00,funsd,data\raw\public\funsd\__MACOSX\dataset\training_data\images\._93213298.png,validate,corrupted_image,corrupted or unreadable image; OS junk,recorded
2026-07-13T08:08:22.961056+00:00,funsd,data\raw\public\funsd\__MACOSX\dataset\training_data\images\._93329540.png,validate,corrupted_image,corrupted or unreadable image; OS junk,recorded
2026-07-13T08:08:22.961060+00:00,funsd,data\raw\public\funsd\__MACOSX\dataset\training_data\images\._93351929_93351931.png,validate,corrupted_image,corrupted or unreadable image; OS junk,recorded
2026-07-13T08:08:22.961065+00:00,funsd,data\raw\public\funsd\__MACOSX\dataset\training_data\images\._93380187.png,validate,corrupted_image,corrupted or unreadable image; OS junk,recorded
2026-07-13T08:08:22.961069+00:00,funsd,data\raw\public\funsd\__MACOSX\dataset\training_data\images\._93455715.png,validate,corrupted_image,corrupted or unreadable image; OS junk,recorded
2026-07-13T08:08:22.977587+00:00,coru,data\raw\public\coru\Receipt Images & Key Information Detection\test\labels\345e0728-89d4-4acd-bdef-6b3bb0887f80.txt,validate,empty_file,empty file,recorded
2026-07-13T08:08:22.977878+00:00,coru,data\raw\public\coru\Receipt Images & Key Information Detection\test\labels\ff37c34b-cb86-45e8-94b3-8677896ddebb.txt,validate,empty_file,empty file,recorded
2026-07-13T08:08:22.979233+00:00,coru,data\raw\public\coru\Receipt Images & Key Information Detection\train\labels\209f6678-1b9d-4363-bdd3-23b9198d4138.txt,validate,empty_file,empty file,recorded
2026-07-13T08:08:22.979276+00:00,coru,data\raw\public\coru\Receipt Images & Key Information Detection\train\labels\22493331-cae4-4415-83c9-89b84938d635.txt,validate,empty_file,empty file,recorded
2026-07-13T08:08:22.979512+00:00,coru,data\raw\public\coru\Receipt Images & Key Information Detection\train\labels\347a6390-02dc-4163-a7bf-6374abe2391e.txt,validate,empty_file,empty file,recorded
2026-07-13T08:08:22.980167+00:00,coru,data\raw\public\coru\Receipt Images & Key Information Detection\train\labels\fd062118-98bb-4a63-9c30-c62123a9a19c.txt,validate,empty_file,empty file,recorded
2026-07-13T08:08:22.980580+00:00,coru,data\raw\public\coru\Receipt Question Answering\test\1196-receipt.json,validate,invalid_json,invalid_json: Illegal trailing comma before end of array: line 41 column 110 (char 3084),recorded
2026-07-13T08:08:22.980648+00:00,coru,data\raw\public\coru\Receipt Question Answering\test\20ecef40-88ac-4291-8d1d-0a8c9fb2af86.json,validate,invalid_json,"invalid_json: Expecting ',' delimiter: line 42 column 1 (char 3137)",recorded
2026-07-13T08:08:22.981078+00:00,coru,data\raw\public\coru\Receipt Question Answering\test\f551895e-19e3-4e55-9d81-be274a1ee807.json,validate,invalid_json,invalid_json: Expecting ':' delimiter: line 28 column 11 (char 892),recorded
2026-07-13T08:08:22.981103+00:00,coru,data\raw\public\coru\Receipt Question Answering\test\fa5c1048-b463-4384-9cb6-35982f3b66f0.json,validate,invalid_json,"invalid_json: Expecting ',' delimiter: line 42 column 1 (char 3109)",recorded
